id,patient_name,age,gender,cancer_type,cancer_stage,treatment_type,diagnosis_date,metastasis,blood_test_result,tumor_marker
1,Synthetic_00001,53,M,prostate,II,surgery,2024-09-01,yes,3.28,940.50
2,Synthetic_00002,54,M,prostate,IV,radiotherapy,2025-07-08,yes,19.23,197.06
3,Synthetic_00003,64,M,colon,III,chemotherapy,2022-05-05,yes,16.77,287.07
4,Synthetic_00004,38,M,colon,IV,surgery,2020-12-06,no,13.79,178.36
5,Synthetic_00005,72,M,colon,II,chemotherapy,2020-10-01,yes,9.83,90.26
6,Synthetic_00006,25,M,breast,II,radiotherapy,2023-09-03,yes,15.97,4.17
7,Synthetic_00007,56,M,colon,III,radiotherapy,2022-03-01,yes,16.55,363.65
8,Synthetic_00008,86,M,breast,III,surgery,2022-01-08,no,5.95,274.95
9,Synthetic_00009,50,M,colon,III,radiotherapy,2024-10-22,yes,13.57,145.32
10,Synthetic_00010,72,F,colon,III,chemotherapy,2024-04-05,no,13.89,632.75
11,Synthetic_00011,87,F,prostate,III,surgery,2020-10-09,yes,10.00,508.69
12,Synthetic_00012,65,M,colon,III,surgery,2021-09-09,yes,18.88,70.64
13,Synthetic_00013,56,F,colon,IV,chemotherapy,2020-07-14,no,12.35,603.71
14,Synthetic_00014,18,F,breast,IV,surgery,2024-06-16,yes,10.61,83.45
15,Synthetic_00015,29,M,prostate,IV,chemotherapy,2022-12-03,no,14.26,320.55
16,Synthetic_00016,85,M,prostate,IV,radiotherapy,2023-09-05,no,9.59,950.13
17,Synthetic_00017,59,F,breast,II,surgery,2024-05-24,yes,5.83,785.58
18,Synthetic_00018,81,M,prostate,IV,surgery,2022-05-12,yes,4.67,343.26
19,Synthetic_00019,43,F,prostate,IV,radiotherapy,2020-11-18,no,6.04,733.34
20,Synthetic_00020,52,F,lung,IV,radiotherapy,2025-11-13,yes,11.28,886.90
21,Synthetic_00021,57,F,lung,IV,surgery,2025-04-01,yes,18.63,655.49
22,Synthetic_00022,29,M,breast,II,chemotherapy,2024-08-25,no,5.14,534.82
23,Synthetic_00023,43,F,breast,II,chemotherapy,2021-01-11,no,11.54,649.84
24,Synthetic_00024,79,F,breast,I,radiotherapy,2025-04-20,yes,7.58,851.29
25,Synthetic_00025,73,M,breast,IV,surgery,2022-06-25,no,8.84,991.03
26,Synthetic_00026,49,M,colon,III,surgery,2025-03-07,yes,1.86,686.76
27,Synthetic_00027,42,M,prostate,IV,radiotherapy,2022-08-16,no,14.05,629.67
28,Synthetic_00028,66,F,prostate,II,chemotherapy,2025-02-10,no,9.62,38.82
29,Synthetic_00029,22,M,lung,IV,radiotherapy,2023-12-18,yes,3.82,977.78
30,Synthetic_00030,84,F,breast,II,surgery,2024-05-05,yes,10.61,405.28
31,Synthetic_00031,52,F,breast,I,chemotherapy,2023-01-22,yes,3.08,157.09
32,Synthetic_00032,44,M,colon,I,radiotherapy,2022-01-10,yes,5.22,318.80
33,Synthetic_00033,25,M,breast,II,chemotherapy,2020-06-06,no,8.73,738.26
34,Synthetic_00034,29,M,prostate,II,surgery,2021-06-14,no,4.20,378.65
35,Synthetic_00035,62,M,lung,IV,surgery,2021-04-23,yes,16.40,605.14
36,Synthetic_00036,89,M,lung,II,surgery,2024-11-25,yes,1.03,830.72
37,Synthetic_00037,84,M,lung,IV,chemotherapy,2022-10-26,no,5.30,797.80
38,Synthetic_00038,38,M,lung,II,radiotherapy,2021-08-18,yes,1.49,71.92
39,Synthetic_00039,44,F,prostate,II,surgery,2022-02-12,no,15.88,194.59
40,Synthetic_00040,34,M,colon,II,radiotherapy,2021-10-08,no,8.51,387.33
41,Synthetic_00041,18,M,lung,IV,radiotherapy,2021-11-24,no,1.98,455.51
42,Synthetic_00042,32,M,prostate,III,chemotherapy,2025-07-04,no,2.17,444.53
43,Synthetic_00043,71,F,colon,I,surgery,2023-05-26,yes,12.25,624.87
44,Synthetic_00044,83,M,colon,III,surgery,2025-03-15,no,13.43,738.55
45,Synthetic_00045,56,F,lung,III,surgery,2025-06-15,no,9.36,662.07
46,Synthetic_00046,49,F,lung,II,radiotherapy,2025-07-15,yes,19.57,250.74
47,Synthetic_00047,35,M,prostate,I,surgery,2021-01-25,no,19.92,665.08
48,Synthetic_00048,40,F,prostate,II,chemotherapy,2025-11-16,no,15.53,549.47
49,Synthetic_00049,52,F,colon,I,surgery,2020-02-08,no,3.78,257.08
50,Synthetic_00050,43,F,colon,I,chemotherapy,2024-09-13,yes,7.11,360.78
51,Synthetic_00051,45,M,lung,IV,surgery,2021-12-14,no,2.24,689.02
52,Synthetic_00052,69,M,breast,IV,surgery,2023-01-27,no,3.14,516.06
53,Synthetic_00053,77,F,lung,I,surgery,2021-09-11,no,18.29,772.32
54,Synthetic_00054,52,M,lung,I,chemotherapy,2022-02-16,yes,4.35,32.02
55,Synthetic_00055,68,F,lung,III,chemotherapy,2021-07-16,yes,13.64,11.09
56,Synthetic_00056,26,F,lung,IV,chemotherapy,2025-07-14,yes,6.52,847.56
57,Synthetic_00057,38,F,lung,III,surgery,2021-03-17,yes,19.01,88.48
58,Synthetic_00058,31,F,prostate,II,chemotherapy,2020-03-05,yes,13.80,1.89
59,Synthetic_00059,85,F,lung,II,surgery,2021-03-27,no,16.93,825.76
60,Synthetic_00060,89,F,lung,IV,chemotherapy,2024-02-09,yes,18.15,79.60
61,Synthetic_00061,18,M,lung,IV,surgery,2023-05-01,yes,18.61,453.55
62,Synthetic_00062,73,M,breast,IV,chemotherapy,2024-08-26,no,9.80,608.65
63,Synthetic_00063,41,F,lung,IV,chemotherapy,2021-03-24,yes,2.51,247.44
64,Synthetic_00064,47,M,lung,III,chemotherapy,2021-09-08,yes,18.91,136.49
65,Synthetic_00065,19,M,breast,II,chemotherapy,2025-04-02,no,1.47,128.71
66,Synthetic_00066,76,M,prostate,II,surgery,2024-06-13,no,10.69,461.86
67,Synthetic_00067,40,F,colon,IV,surgery,2024-04-02,no,5.64,208.05
68,Synthetic_00068,26,F,colon,IV,radiotherapy,2021-06-22,no,13.94,734.26
69,Synthetic_00069,75,M,colon,IV,radiotherapy,2023-07-20,no,1.52,912.98
70,Synthetic_00070,62,F,colon,II,surgery,2025-01-27,yes,17.15,185.76
71,Synthetic_00071,44,F,prostate,III,radiotherapy,2024-11-01,no,17.31,343.06
72,Synthetic_00072,84,M,colon,I,surgery,2021-10-16,yes,2.41,618.67
73,Synthetic_00073,64,M,lung,I,radiotherapy,2025-09-01,yes,17.01,255.62
74,Synthetic_00074,76,F,breast,II,chemotherapy,2020-04-23,no,17.88,500.98
75,Synthetic_00075,47,M,lung,II,radiotherapy,2023-10-11,no,19.66,858.16
76,Synthetic_00076,22,F,prostate,I,surgery,2025-02-28,no,18.82,798.70
77,Synthetic_00077,39,F,prostate,I,chemotherapy,2020-01-01,no,11.63,611.76
78,Synthetic_00078,23,F,colon,II,radiotherapy,2025-03-09,yes,5.23,990.95
79,Synthetic_00079,77,F,prostate,II,radiotherapy,2024-08-08,yes,2.89,791.28
80,Synthetic_00080,61,M,lung,I,surgery,2025-02-25,no,19.23,477.50
81,Synthetic_00081,90,F,lung,II,chemotherapy,2021-09-13,no,18.69,230.24
82,Synthetic_00082,86,F,breast,IV,surgery,2025-08-13,no,7.11,845.12
83,Synthetic_00083,33,F,prostate,IV,radiotherapy,2020-06-17,yes,3.97,343.16
84,Synthetic_00084,59,M,breast,III,radiotherapy,2022-08-27,no,15.51,255.81
85,Synthetic_00085,49,F,colon,II,surgery,2021-01-21,no,10.05,6.03
86,Synthetic_00086,21,F,lung,I,radiotherapy,2021-03-11,yes,18.74,781.81
87,Synthetic_00087,58,F,colon,I,radiotherapy,2023-01-04,yes,17.93,777.82
88,Synthetic_00088,32,F,colon,IV,chemotherapy,2023-02-19,yes,6.85,150.14
89,Synthetic_00089,27,F,prostate,II,surgery,2020-11-10,yes,4.68,843.58
90,Synthetic_00090,42,M,lung,II,surgery,2021-08-03,no,11.76,629.09
91,Synthetic_00091,42,M,lung,I,chemotherapy,2024-07-17,yes,12.81,319.50
92,Synthetic_00092,43,M,colon,I,surgery,2021-01-19,no,3.43,35.24
93,Synthetic_00093,83,M,lung,III,chemotherapy,2023-09-24,yes,9.73,366.98
94,Synthetic_00094,36,F,breast,I,surgery,2025-07-10,no,3.36,617.08
95,Synthetic_00095,25,M,colon,III,chemotherapy,2022-01-01,no,16.17,141.94
96,Synthetic_00096,33,F,breast,IV,surgery,2024-09-03,yes,12.89,901.35
97,Synthetic_00097,77,M,colon,II,chemotherapy,2021-12-10,no,18.25,876.06
98,Synthetic_00098,38,F,breast,II,chemotherapy,2021-05-04,no,3.80,476.27
99,Synthetic_00099,75,F,colon,II,chemotherapy,2025-12-23,yes,18.63,85.48
100,Synthetic_00100,82,M,breast,II,radiotherapy,2021-05-01,yes,11.25,560.14
101,Synthetic_00101,88,F,lung,IV,radiotherapy,2023-02-13,no,14.18,94.44
102,Synthetic_00102,38,F,lung,II,surgery,2024-12-11,no,2.61,859.52
103,Synthetic_00103,41,M,lung,I,chemotherapy,2020-02-06,yes,5.13,902.62
104,Synthetic_00104,84,M,prostate,IV,surgery,2022-07-20,no,1.46,261.49
105,Synthetic_00105,43,F,prostate,III,radiotherapy,2025-11-03,yes,16.63,214.88
106,Synthetic_00106,77,F,lung,IV,radiotherapy,2022-01-10,no,2.29,612.05
107,Synthetic_00107,86,M,colon,I,chemotherapy,2020-06-23,yes,1.95,470.57
108,Synthetic_00108,59,F,breast,IV,surgery,2022-09-10,yes,3.30,653.56
109,Synthetic_00109,33,F,prostate,IV,radiotherapy,2022-03-17,no,8.60,482.40
110,Synthetic_00110,71,F,colon,IV,surgery,2023-08-07,no,13.84,785.32
111,Synthetic_00111,25,F,breast,III,radiotherapy,2023-04-09,yes,4.24,996.57
112,Synthetic_00112,45,M,colon,III,surgery,2023-06-09,yes,16.48,418.61
113,Synthetic_00113,61,F,breast,III,surgery,2024-06-14,no,9.71,703.24
114,Synthetic_00114,63,M,lung,IV,surgery,2023-11-18,no,7.38,694.24
115,Synthetic_00115,21,M,lung,II,chemotherapy,2021-06-14,yes,15.05,432.38
116,Synthetic_00116,50,M,colon,I,chemotherapy,2021-06-18,yes,4.74,791.29
117,Synthetic_00117,66,M,prostate,II,radiotherapy,2021-04-28,yes,4.55,258.90
118,Synthetic_00118,70,F,colon,II,chemotherapy,2021-10-10,no,13.29,193.06
119,Synthetic_00119,80,F,colon,II,surgery,2024-02-09,no,15.71,47.46
120,Synthetic_00120,29,M,colon,III,chemotherapy,2021-01-23,yes,6.03,743.81
121,Synthetic_00121,44,M,prostate,III,chemotherapy,2023-06-15,no,11.65,417.89
122,Synthetic_00122,83,F,prostate,III,surgery,2020-01-04,no,2.26,648.73
123,Synthetic_00123,34,M,lung,I,chemotherapy,2023-11-16,yes,5.82,840.78
124,Synthetic_00124,41,F,colon,I,radiotherapy,2022-09-22,yes,2.49,495.50
125,Synthetic_00125,70,F,lung,II,chemotherapy,2023-02-04,no,6.10,688.68
126,Synthetic_00126,34,F,breast,I,chemotherapy,2023-03-17,no,18.12,114.64
127,Synthetic_00127,35,M,colon,III,radiotherapy,2021-05-04,yes,1.18,232.57
128,Synthetic_00128,42,F,breast,III,radiotherapy,2022-05-09,no,10.57,722.41
129,Synthetic_00129,40,F,breast,IV,surgery,2020-12-18,yes,3.49,998.28
130,Synthetic_00130,20,F,breast,III,surgery,2022-10-05,yes,10.22,140.10
131,Synthetic_00131,56,M,prostate,II,radiotherapy,2020-04-06,no,2.55,426.54
132,Synthetic_00132,62,M,colon,IV,radiotherapy,2021-10-15,yes,16.51,178.35
133,Synthetic_00133,36,M,breast,II,chemotherapy,2020-10-09,yes,6.80,798.20
134,Synthetic_00134,35,F,breast,III,surgery,2024-05-07,no,3.63,282.71
135,Synthetic_00135,71,M,prostate,IV,surgery,2021-06-17,no,18.58,562.44
136,Synthetic_00136,73,M,breast,III,surgery,2024-11-05,no,18.34,277.71
137,Synthetic_00137,19,M,lung,I,radiotherapy,2023-04-11,no,1.20,415.61
138,Synthetic_00138,25,M,prostate,II,chemotherapy,2022-01-02,no,18.49,352.93
139,Synthetic_00139,85,M,colon,II,chemotherapy,2024-01-27,yes,17.84,572.80
140,Synthetic_00140,86,F,lung,I,chemotherapy,2024-11-17,yes,19.82,184.09
141,Synthetic_00141,33,M,breast,IV,chemotherapy,2021-11-15,yes,15.75,628.52
142,Synthetic_00142,49,F,prostate,I,radiotherapy,2021-03-27,yes,19.10,107.40
143,Synthetic_00143,63,F,colon,IV,chemotherapy,2022-12-28,yes,9.06,617.09
144,Synthetic_00144,22,F,prostate,III,chemotherapy,2021-01-05,no,4.32,34.44
145,Synthetic_00145,51,F,lung,IV,chemotherapy,2020-08-02,no,15.76,93.22
146,Synthetic_00146,48,F,prostate,IV,chemotherapy,2021-07-02,yes,11.65,32.39
147,Synthetic_00147,46,M,lung,III,radiotherapy,2025-08-06,yes,18.60,42.98
148,Synthetic_00148,89,F,breast,IV,radiotherapy,2025-07-08,yes,2.65,166.01
149,Synthetic_00149,29,M,colon,II,radiotherapy,2020-03-28,no,4.44,80.96
150,Synthetic_00150,31,M,breast,III,chemotherapy,2024-03-19,no,2.52,514.01
151,Synthetic_00151,72,F,prostate,I,chemotherapy,2023-11-11,no,11.46,871.37
152,Synthetic_00152,76,F,prostate,II,chemotherapy,2024-01-19,yes,18.33,22.03
153,Synthetic_00153,22,M,colon,III,surgery,2021-05-24,yes,3.13,422.66
154,Synthetic_00154,23,F,prostate,II,surgery,2024-02-19,no,10.56,769.69
155,Synthetic_00155,49,M,prostate,III,surgery,2023-04-07,no,3.78,590.05
156,Synthetic_00156,35,F,lung,III,radiotherapy,2024-05-06,no,4.88,609.77
157,Synthetic_00157,70,F,colon,II,chemotherapy,2021-02-20,yes,3.93,542.56
158,Synthetic_00158,18,M,lung,I,chemotherapy,2024-01-11,no,13.74,336.25
159,Synthetic_00159,32,M,lung,III,chemotherapy,2022-09-17,yes,19.54,361.60
160,Synthetic_00160,47,M,colon,II,chemotherapy,2020-01-11,no,2.63,359.67
161,Synthetic_00161,22,F,breast,III,radiotherapy,2020-02-14,no,12.24,835.34
162,Synthetic_00162,22,F,colon,III,surgery,2024-08-15,yes,3.46,684.46
163,Synthetic_00163,75,F,colon,IV,surgery,2023-02-27,yes,10.07,415.60
164,Synthetic_00164,25,F,prostate,II,surgery,2021-06-05,no,2.98,655.72
165,Synthetic_00165,49,F,colon,II,radiotherapy,2020-03-11,yes,12.52,909.99
166,Synthetic_00166,24,F,lung,I,chemotherapy,2023-12-15,no,13.74,816.49
167,Synthetic_00167,28,F,colon,IV,chemotherapy,2020-02-18,no,12.66,306.53
168,Synthetic_00168,50,F,prostate,II,radiotherapy,2025-08-24,no,1.15,192.42
169,Synthetic_00169,49,F,breast,II,surgery,2024-06-23,yes,19.15,778.37
170,Synthetic_00170,84,M,colon,III,surgery,2023-10-02,no,2.07,207.53
171,Synthetic_00171,41,M,lung,IV,chemotherapy,2022-11-19,yes,18.25,560.50
172,Synthetic_00172,44,M,colon,I,chemotherapy,2023-05-13,no,3.27,533.14
173,Synthetic_00173,72,F,prostate,IV,chemotherapy,2022-10-14,no,15.61,540.75
174,Synthetic_00174,29,F,lung,IV,surgery,2024-01-20,yes,8.76,800.67
175,Synthetic_00175,46,M,breast,II,radiotherapy,2021-03-20,yes,9.37,806.98
176,Synthetic_00176,67,F,colon,IV,radiotherapy,2021-01-04,no,14.06,261.23
177,Synthetic_00177,58,M,breast,II,radiotherapy,2024-12-15,yes,13.56,744.30
178,Synthetic_00178,51,M,lung,IV,surgery,2025-09-01,no,11.80,829.75
179,Synthetic_00179,43,M,lung,IV,surgery,2024-06-04,yes,4.14,126.38
180,Synthetic_00180,87,M,lung,III,radiotherapy,2024-03-27,yes,5.87,675.99
181,Synthetic_00181,35,M,prostate,III,radiotherapy,2024-05-16,yes,13.01,316.03
182,Synthetic_00182,62,M,colon,II,chemotherapy,2023-08-01,yes,11.36,549.46
183,Synthetic_00183,85,F,breast,III,chemotherapy,2021-10-15,no,17.82,388.80
184,Synthetic_00184,41,F,breast,I,chemotherapy,2021-08-12,no,5.08,46.18
185,Synthetic_00185,24,M,lung,IV,radiotherapy,2020-07-17,yes,5.53,423.47
186,Synthetic_00186,33,F,prostate,II,radiotherapy,2022-05-21,yes,11.12,512.10
187,Synthetic_00187,63,F,colon,II,radiotherapy,2021-11-09,yes,15.02,203.54
188,Synthetic_00188,31,M,colon,III,chemotherapy,2021-06-04,no,18.72,50.09
189,Synthetic_00189,73,F,breast,IV,surgery,2020-03-22,no,9.06,969.82
190,Synthetic_00190,71,M,lung,II,surgery,2023-01-26,no,18.37,660.87
191,Synthetic_00191,86,M,lung,III,chemotherapy,2025-12-22,no,9.66,513.89
192,Synthetic_00192,60,F,lung,IV,surgery,2025-01-10,yes,14.74,26.20
193,Synthetic_00193,42,F,prostate,IV,radiotherapy,2022-07-05,yes,19.00,4.30
194,Synthetic_00194,86,M,colon,II,radiotherapy,2020-08-19,no,6.07,20.00
195,Synthetic_00195,57,F,breast,II,chemotherapy,2022-03-10,yes,13.44,308.02
196,Synthetic_00196,28,M,lung,III,surgery,2020-08-25,yes,6.61,602.73
197,Synthetic_00197,35,F,colon,III,chemotherapy,2025-12-16,no,18.40,397.53
198,Synthetic_00198,51,F,breast,II,radiotherapy,2021-11-17,no,13.99,679.12
199,Synthetic_00199,26,F,colon,III,radiotherapy,2025-06-13,yes,10.19,823.87
200,Synthetic_00200,62,M,colon,IV,chemotherapy,2020-03-10,yes,16.38,597.84
201,Synthetic_00201,49,F,lung,III,surgery,2022-03-23,no,4.04,525.90
202,Synthetic_00202,70,M,breast,II,surgery,2024-07-02,no,7.42,695.30
203,Synthetic_00203,56,M,breast,III,surgery,2022-06-25,yes,11.88,932.81
204,Synthetic_00204,77,F,breast,I,radiotherapy,2021-04-25,no,18.46,74.40
205,Synthetic_00205,53,F,prostate,II,radiotherapy,2024-10-25,yes,8.03,305.32
206,Synthetic_00206,89,M,prostate,IV,chemotherapy,2024-02-16,no,5.01,540.54
207,Synthetic_00207,35,F,prostate,IV,chemotherapy,2024-01-11,yes,11.59,29.03
208,Synthetic_00208,64,M,prostate,II,surgery,2021-06-27,no,17.52,218.62
209,Synthetic_00209,25,F,colon,II,radiotherapy,2024-06-13,yes,15.71,452.49
210,Synthetic_00210,45,F,lung,I,surgery,2020-05-02,no,11.33,696.10
211,Synthetic_00211,54,M,prostate,I,chemotherapy,2021-03-26,yes,2.60,340.26
212,Synthetic_00212,61,F,breast,II,surgery,2022-02-13,yes,8.95,447.09
213,Synthetic_00213,90,F,lung,II,chemotherapy,2025-03-21,yes,6.56,150.08
214,Synthetic_00214,80,M,prostate,IV,surgery,2025-06-19,yes,4.21,927.63
215,Synthetic_00215,74,M,prostate,I,chemotherapy,2025-10-16,no,7.56,438.93
216,Synthetic_00216,34,F,prostate,II,surgery,2024-10-27,no,3.70,844.27
217,Synthetic_00217,33,F,lung,II,radiotherapy,2023-12-18,yes,12.30,531.17
218,Synthetic_00218,18,M,lung,IV,surgery,2023-03-12,yes,8.63,264.53
219,Synthetic_00219,40,M,prostate,II,surgery,2020-09-24,no,1.07,117.44
220,Synthetic_00220,85,F,prostate,II,radiotherapy,2023-12-21,yes,8.64,737.53
221,Synthetic_00221,72,M,breast,III,surgery,2023-04-26,no,6.04,170.73
222,Synthetic_00222,77,F,colon,IV,radiotherapy,2024-04-17,no,1.17,710.92
223,Synthetic_00223,52,M,lung,II,surgery,2023-04-05,yes,12.95,603.05
224,Synthetic_00224,82,M,colon,I,chemotherapy,2021-03-04,yes,3.01,593.66
225,Synthetic_00225,29,M,lung,IV,radiotherapy,2024-05-06,no,5.30,504.70
226,Synthetic_00226,33,F,prostate,III,radiotherapy,2025-08-17,yes,14.73,572.90
227,Synthetic_00227,57,M,prostate,I,chemotherapy,2024-04-23,yes,17.84,240.36
228,Synthetic_00228,38,F,colon,I,radiotherapy,2020-09-25,no,1.02,235.22
229,Synthetic_00229,27,F,breast,II,surgery,2021-03-21,yes,9.77,212.10
230,Synthetic_00230,18,F,prostate,IV,chemotherapy,2025-05-03,yes,14.62,890.95
231,Synthetic_00231,80,F,prostate,IV,radiotherapy,2021-03-11,no,1.21,467.79
232,Synthetic_00232,71,F,colon,II,surgery,2025-01-14,yes,19.28,886.61
233,Synthetic_00233,83,M,prostate,III,chemotherapy,2021-06-11,yes,14.99,130.98
234,Synthetic_00234,60,F,prostate,IV,radiotherapy,2024-01-20,no,1.12,728.76
235,Synthetic_00235,66,F,colon,IV,chemotherapy,2023-06-19,yes,2.59,210.08
236,Synthetic_00236,40,M,colon,IV,surgery,2022-09-19,yes,1.00,798.38
237,Synthetic_00237,70,F,breast,IV,surgery,2020-06-20,no,4.22,457.38
238,Synthetic_00238,69,M,breast,IV,radiotherapy,2023-05-23,no,13.32,508.33
239,Synthetic_00239,30,F,lung,IV,chemotherapy,2020-06-09,yes,6.75,632.24
240,Synthetic_00240,62,F,lung,II,radiotherapy,2025-04-12,yes,17.10,111.41
241,Synthetic_00241,50,M,breast,I,surgery,2025-06-01,yes,16.86,430.45
242,Synthetic_00242,42,M,colon,III,surgery,2024-11-14,yes,11.80,433.76
243,Synthetic_00243,34,M,colon,IV,chemotherapy,2020-08-13,no,16.38,193.94
244,Synthetic_00244,66,F,lung,I,chemotherapy,2021-04-08,yes,1.27,445.59
245,Synthetic_00245,33,M,prostate,IV,chemotherapy,2023-04-24,yes,14.12,735.08
246,Synthetic_00246,71,F,colon,II,radiotherapy,2025-09-20,no,19.07,383.23
247,Synthetic_00247,50,F,prostate,IV,radiotherapy,2020-01-18,no,8.36,937.05
248,Synthetic_00248,29,F,prostate,III,radiotherapy,2023-10-23,no,2.84,674.55
249,Synthetic_00249,21,M,prostate,IV,radiotherapy,2025-08-09,no,12.11,818.91
250,Synthetic_00250,77,F,breast,III,surgery,2023-08-12,yes,2.15,821.41
251,Synthetic_00251,51,M,colon,II,surgery,2021-01-17,no,18.56,569.68
252,Synthetic_00252,57,F,prostate,I,surgery,2024-07-28,yes,3.54,524.21
253,Synthetic_00253,28,M,lung,IV,chemotherapy,2020-08-20,yes,8.21,933.02
254,Synthetic_00254,58,M,prostate,I,chemotherapy,2022-04-18,yes,8.36,4.22
255,Synthetic_00255,39,F,lung,II,radiotherapy,2022-10-24,no,19.33,910.04
256,Synthetic_00256,41,F,lung,III,chemotherapy,2020-05-25,yes,12.24,455.80
257,Synthetic_00257,59,M,lung,I,surgery,2022-09-04,yes,12.79,735.33
258,Synthetic_00258,80,F,prostate,II,radiotherapy,2023-03-15,no,16.54,383.98
259,Synthetic_00259,32,F,prostate,I,chemotherapy,2022-01-26,no,8.46,567.49
260,Synthetic_00260,76,M,prostate,III,chemotherapy,2021-01-25,no,15.92,658.27
261,Synthetic_00261,53,M,prostate,I,radiotherapy,2024-07-09,no,5.73,757.85
262,Synthetic_00262,81,F,breast,IV,surgery,2020-08-18,yes,18.62,584.30
263,Synthetic_00263,88,F,colon,III,surgery,2022-07-06,yes,19.79,409.29
264,Synthetic_00264,43,M,prostate,II,surgery,2022-05-19,no,8.28,875.45
265,Synthetic_00265,72,F,colon,I,radiotherapy,2025-07-17,yes,13.14,647.55
266,Synthetic_00266,89,M,lung,III,chemotherapy,2025-06-26,no,3.89,141.60
267,Synthetic_00267,75,F,colon,III,chemotherapy,2024-06-23,yes,12.35,451.18
268,Synthetic_00268,28,F,breast,IV,surgery,2023-03-01,no,19.54,746.03
269,Synthetic_00269,87,F,colon,I,surgery,2020-06-18,yes,16.17,3.24
270,Synthetic_00270,55,M,breast,II,surgery,2025-09-09,no,17.31,878.87
271,Synthetic_00271,66,F,breast,II,chemotherapy,2021-05-14,yes,14.74,607.91
272,Synthetic_00272,31,F,prostate,III,surgery,2021-08-06,yes,6.37,532.83
273,Synthetic_00273,83,F,colon,II,surgery,2024-03-02,no,7.98,337.57
274,Synthetic_00274,82,F,prostate,IV,radiotherapy,2024-02-11,no,17.17,848.54
275,Synthetic_00275,59,M,lung,III,radiotherapy,2020-12-10,yes,12.63,693.61
276,Synthetic_00276,50,M,lung,I,surgery,2025-06-14,no,2.25,466.60
277,Synthetic_00277,45,F,prostate,III,radiotherapy,2021-08-22,no,8.20,308.50
278,Synthetic_00278,63,M,colon,IV,surgery,2022-03-11,no,3.91,638.62
279,Synthetic_00279,22,F,breast,I,surgery,2024-01-17,no,6.16,615.52
280,Synthetic_00280,33,M,colon,I,chemotherapy,2021-06-07,no,12.34,419.95
281,Synthetic_00281,67,F,breast,I,radiotherapy,2024-04-08,yes,18.47,206.79
282,Synthetic_00282,47,F,breast,I,surgery,2023-09-25,yes,4.18,714.79
283,Synthetic_00283,26,F,lung,II,radiotherapy,2025-09-20,no,14.32,506.28
284,Synthetic_00284,70,F,prostate,II,radiotherapy,2025-08-16,yes,8.21,627.63
285,Synthetic_00285,57,M,lung,III,radiotherapy,2023-06-18,no,11.07,135.43
286,Synthetic_00286,62,F,colon,II,chemotherapy,2025-02-23,no,6.49,672.71
287,Synthetic_00287,20,M,lung,II,radiotherapy,2022-03-20,yes,14.77,988.94
288,Synthetic_00288,77,F,lung,III,radiotherapy,2023-01-11,no,17.99,162.62
289,Synthetic_00289,69,M,lung,IV,radiotherapy,2023-06-28,no,19.65,758.14
290,Synthetic_00290,33,M,colon,I,radiotherapy,2022-01-24,yes,18.43,925.11
291,Synthetic_00291,19,F,colon,I,surgery,2021-11-08,yes,4.28,865.41
292,Synthetic_00292,51,F,prostate,III,radiotherapy,2025-12-20,yes,14.37,394.01
293,Synthetic_00293,47,F,lung,IV,surgery,2022-04-25,no,7.44,76.30
294,Synthetic_00294,88,M,colon,II,radiotherapy,2022-12-03,yes,16.09,800.32
295,Synthetic_00295,20,M,prostate,I,chemotherapy,2021-07-05,no,1.81,600.02
296,Synthetic_00296,18,M,prostate,I,chemotherapy,2021-04-24,no,3.54,13.87
297,Synthetic_00297,56,M,lung,II,chemotherapy,2021-06-05,no,8.27,486.94
298,Synthetic_00298,56,M,breast,I,radiotherapy,2022-06-20,yes,19.45,565.03
299,Synthetic_00299,84,F,prostate,I,surgery,2025-03-03,yes,19.50,145.76
300,Synthetic_00300,36,M,lung,III,radiotherapy,2022-11-27,no,15.08,1.94
301,Synthetic_00301,89,M,colon,III,radiotherapy,2020-12-19,yes,15.38,956.75
302,Synthetic_00302,50,M,colon,IV,radiotherapy,2024-04-25,no,16.61,647.50
303,Synthetic_00303,54,M,lung,II,surgery,2024-06-10,no,8.49,258.97
304,Synthetic_00304,62,F,lung,II,radiotherapy,2020-11-05,no,5.04,350.55
305,Synthetic_00305,82,M,breast,I,surgery,2024-04-26,no,9.65,208.43
306,Synthetic_00306,31,M,colon,IV,surgery,2021-06-02,no,7.18,661.06
307,Synthetic_00307,85,M,lung,IV,surgery,2025-04-22,no,19.90,849.76
308,Synthetic_00308,25,M,colon,I,surgery,2021-08-09,yes,2.16,110.67
309,Synthetic_00309,87,F,prostate,III,chemotherapy,2023-02-06,yes,10.16,606.87
310,Synthetic_00310,74,F,colon,III,chemotherapy,2025-10-12,no,12.47,390.31
311,Synthetic_00311,74,F,colon,III,chemotherapy,2023-10-12,yes,19.06,978.95
312,Synthetic_00312,81,F,prostate,I,chemotherapy,2023-04-17,no,4.45,333.18
313,Synthetic_00313,68,F,prostate,I,chemotherapy,2024-08-22,yes,7.61,784.91
314,Synthetic_00314,78,F,prostate,I,radiotherapy,2022-11-03,yes,16.09,144.75
315,Synthetic_00315,31,F,colon,II,surgery,2021-11-18,yes,6.55,430.04
316,Synthetic_00316,37,F,lung,I,chemotherapy,2025-12-12,no,7.78,777.66
317,Synthetic_00317,49,F,breast,I,chemotherapy,2020-04-11,no,3.32,441.63
318,Synthetic_00318,63,M,breast,I,surgery,2024-12-28,yes,1.00,366.21
319,Synthetic_00319,44,F,breast,I,radiotherapy,2020-08-21,yes,15.45,636.09
320,Synthetic_00320,76,M,colon,II,chemotherapy,2023-12-15,no,16.48,768.50
321,Synthetic_00321,85,F,colon,IV,chemotherapy,2022-12-15,no,18.93,300.09
322,Synthetic_00322,71,M,breast,III,chemotherapy,2023-11-01,no,8.38,416.93
323,Synthetic_00323,25,M,breast,IV,radiotherapy,2022-07-10,yes,11.47,987.59
324,Synthetic_00324,75,M,prostate,I,surgery,2022-04-20,no,19.27,518.39
325,Synthetic_00325,61,M,lung,I,radiotherapy,2023-07-13,no,2.27,207.05
326,Synthetic_00326,62,M,breast,IV,surgery,2022-09-06,no,10.74,843.31
327,Synthetic_00327,87,F,breast,III,chemotherapy,2023-08-23,no,6.62,424.96
328,Synthetic_00328,60,F,lung,II,surgery,2025-07-28,yes,7.52,488.21
329,Synthetic_00329,42,M,colon,II,surgery,2025-09-02,yes,5.08,37.69
330,Synthetic_00330,56,F,lung,I,radiotherapy,2025-01-19,yes,8.31,53.62
331,Synthetic_00331,66,M,colon,IV,radiotherapy,2022-07-27,yes,7.50,614.07
332,Synthetic_00332,45,M,lung,IV,surgery,2024-11-23,no,6.38,600.11
333,Synthetic_00333,52,F,colon,IV,surgery,2023-11-19,yes,7.82,240.65
334,Synthetic_00334,44,M,prostate,II,radiotherapy,2021-07-16,yes,3.75,815.90
335,Synthetic_00335,80,M,breast,III,radiotherapy,2021-07-21,no,17.17,799.91
336,Synthetic_00336,50,F,colon,I,chemotherapy,2023-08-07,yes,12.40,282.74
337,Synthetic_00337,47,F,lung,IV,surgery,2025-03-21,no,9.58,10.33
338,Synthetic_00338,34,M,breast,II,chemotherapy,2022-11-06,no,2.35,760.25
339,Synthetic_00339,84,M,prostate,II,radiotherapy,2024-01-26,yes,13.17,78.71
340,Synthetic_00340,20,F,prostate,I,chemotherapy,2021-08-24,yes,19.23,736.62
341,Synthetic_00341,64,M,lung,II,chemotherapy,2022-09-08,no,17.11,453.25
342,Synthetic_00342,86,M,lung,IV,surgery,2024-11-12,no,17.39,768.86
343,Synthetic_00343,81,M,lung,IV,surgery,2025-04-01,yes,3.92,829.14
344,Synthetic_00344,69,F,colon,I,surgery,2024-07-01,no,6.55,278.57
345,Synthetic_00345,51,M,prostate,I,surgery,2023-01-28,yes,15.06,730.66
346,Synthetic_00346,18,F,breast,II,surgery,2023-08-12,yes,19.62,734.46
347,Synthetic_00347,62,F,lung,I,chemotherapy,2023-10-15,no,12.70,907.87
348,Synthetic_00348,78,F,colon,IV,radiotherapy,2020-11-18,no,9.69,337.09
349,Synthetic_00349,43,F,prostate,II,chemotherapy,2022-09-02,no,14.67,644.84
350,Synthetic_00350,48,F,prostate,I,radiotherapy,2025-10-23,yes,10.89,898.18
351,Synthetic_00351,83,F,breast,II,radiotherapy,2024-08-15,no,8.49,743.52
352,Synthetic_00352,41,F,lung,III,radiotherapy,2020-07-22,yes,1.11,76.02
353,Synthetic_00353,32,F,colon,II,radiotherapy,2022-01-24,yes,5.78,781.47
354,Synthetic_00354,29,F,lung,IV,radiotherapy,2021-04-18,no,15.06,238.18
355,Synthetic_00355,38,M,breast,IV,chemotherapy,2022-02-11,no,3.60,561.44
356,Synthetic_00356,59,M,breast,I,surgery,2022-07-02,no,11.83,163.83
357,Synthetic_00357,40,F,breast,II,chemotherapy,2024-01-28,no,17.51,304.26
358,Synthetic_00358,46,F,colon,II,radiotherapy,2025-12-28,yes,7.87,583.88
359,Synthetic_00359,65,M,lung,II,surgery,2021-06-23,yes,1.41,329.03
360,Synthetic_00360,70,M,colon,IV,surgery,2025-05-15,yes,15.68,872.34
361,Synthetic_00361,75,F,lung,IV,surgery,2025-01-01,no,19.84,388.74
362,Synthetic_00362,46,M,colon,III,chemotherapy,2022-05-25,yes,18.42,794.94
363,Synthetic_00363,56,M,colon,I,radiotherapy,2020-03-20,yes,19.52,402.38
364,Synthetic_00364,89,M,prostate,II,surgery,2024-09-20,yes,12.22,356.84
365,Synthetic_00365,78,F,colon,II,radiotherapy,2022-06-06,no,2.36,618.15
366,Synthetic_00366,65,F,breast,I,chemotherapy,2024-10-02,yes,3.02,420.14
367,Synthetic_00367,43,F,prostate,II,surgery,2022-01-24,yes,2.85,879.92
368,Synthetic_00368,83,F,breast,III,chemotherapy,2022-08-04,yes,13.22,760.99
369,Synthetic_00369,67,F,prostate,IV,chemotherapy,2021-10-06,yes,14.78,898.64
370,Synthetic_00370,76,M,breast,I,surgery,2020-07-14,no,8.06,421.78
371,Synthetic_00371,61,M,prostate,II,surgery,2024-03-12,no,12.85,625.04
372,Synthetic_00372,48,M,lung,IV,surgery,2023-01-24,no,19.37,544.40
373,Synthetic_00373,52,F,colon,II,chemotherapy,2022-01-15,no,12.36,734.88
374,Synthetic_00374,60,M,colon,II,radiotherapy,2021-12-12,no,15.13,135.22
375,Synthetic_00375,37,F,colon,IV,radiotherapy,2021-01-02,no,17.12,388.51
376,Synthetic_00376,23,M,colon,IV,radiotherapy,2024-05-07,yes,12.33,830.64
377,Synthetic_00377,62,M,prostate,I,chemotherapy,2024-10-02,no,9.52,87.79
378,Synthetic_00378,64,F,breast,I,surgery,2022-11-08,no,5.18,178.58
379,Synthetic_00379,27,M,colon,II,surgery,2025-08-19,no,7.24,618.56
380,Synthetic_00380,88,F,breast,I,chemotherapy,2023-04-02,yes,7.26,855.33
381,Synthetic_00381,79,F,colon,III,surgery,2023-10-28,yes,11.51,949.01
382,Synthetic_00382,84,F,breast,III,surgery,2024-05-14,no,6.59,938.98
383,Synthetic_00383,37,F,breast,IV,chemotherapy,2025-03-17,yes,18.78,648.33
384,Synthetic_00384,18,M,prostate,I,radiotherapy,2025-09-05,no,5.60,414.20
385,Synthetic_00385,73,F,lung,II,surgery,2025-09-05,yes,12.71,923.97
386,Synthetic_00386,36,F,breast,III,chemotherapy,2021-01-20,yes,5.81,736.49
387,Synthetic_00387,47,F,lung,II,radiotherapy,2023-05-16,yes,8.98,164.18
388,Synthetic_00388,47,M,prostate,I,surgery,2023-11-05,yes,16.48,752.88
389,Synthetic_00389,59,M,lung,II,radiotherapy,2022-09-09,yes,9.62,672.15
390,Synthetic_00390,72,F,prostate,I,surgery,2020-06-10,no,13.48,222.71
391,Synthetic_00391,55,M,colon,I,radiotherapy,2024-08-05,yes,19.36,998.70
392,Synthetic_00392,87,F,colon,I,radiotherapy,2025-07-22,no,17.66,547.61
393,Synthetic_00393,37,M,breast,II,chemotherapy,2022-12-21,no,1.92,287.95
394,Synthetic_00394,39,F,colon,I,surgery,2021-07-26,yes,2.23,372.24
395,Synthetic_00395,48,M,colon,II,surgery,2023-06-24,no,15.68,505.43
396,Synthetic_00396,87,F,lung,IV,surgery,2024-09-21,yes,13.65,234.13
397,Synthetic_00397,63,F,lung,I,radiotherapy,2022-02-18,no,19.65,297.42
398,Synthetic_00398,38,F,lung,II,chemotherapy,2022-07-26,no,1.67,312.19
399,Synthetic_00399,90,F,breast,IV,chemotherapy,2024-07-19,yes,6.55,717.82
400,Synthetic_00400,68,F,breast,II,radiotherapy,2024-12-24,no,10.25,173.91
401,Synthetic_00401,89,F,prostate,III,surgery,2020-10-14,yes,18.30,667.41
402,Synthetic_00402,75,F,lung,III,radiotherapy,2021-07-05,yes,5.85,821.41
403,Synthetic_00403,55,F,prostate,II,chemotherapy,2021-10-21,no,8.22,236.10
404,Synthetic_00404,29,F,breast,II,radiotherapy,2025-05-11,no,18.38,787.44
405,Synthetic_00405,30,F,breast,III,chemotherapy,2025-12-07,yes,4.50,641.37
406,Synthetic_00406,41,M,breast,I,surgery,2021-12-25,no,4.85,959.23
407,Synthetic_00407,46,M,colon,I,chemotherapy,2024-09-13,yes,16.18,898.93
408,Synthetic_00408,59,F,colon,III,surgery,2020-10-07,yes,1.95,937.85
409,Synthetic_00409,22,M,prostate,I,chemotherapy,2021-06-18,yes,14.71,765.70
410,Synthetic_00410,19,F,prostate,IV,chemotherapy,2022-09-01,no,19.78,268.79
411,Synthetic_00411,90,M,lung,I,radiotherapy,2025-05-27,no,9.77,119.10
412,Synthetic_00412,55,F,breast,IV,chemotherapy,2021-02-07,yes,12.99,603.20
413,Synthetic_00413,53,M,colon,I,chemotherapy,2025-06-20,yes,13.26,527.76
414,Synthetic_00414,90,F,prostate,IV,surgery,2025-08-11,yes,12.24,221.15
415,Synthetic_00415,45,F,lung,I,surgery,2024-06-12,yes,4.57,176.11
416,Synthetic_00416,20,M,prostate,I,surgery,2022-03-16,yes,6.78,112.70
417,Synthetic_00417,62,M,colon,III,chemotherapy,2024-02-01,no,5.07,311.73
418,Synthetic_00418,37,M,prostate,IV,radiotherapy,2025-12-06,no,15.34,256.83
419,Synthetic_00419,51,F,colon,IV,radiotherapy,2021-02-01,no,14.74,165.05
420,Synthetic_00420,56,F,lung,III,surgery,2024-03-28,yes,6.28,876.30
421,Synthetic_00421,25,F,prostate,I,radiotherapy,2024-01-16,no,18.69,671.62
422,Synthetic_00422,56,F,prostate,II,chemotherapy,2024-02-04,yes,6.40,75.44
423,Synthetic_00423,69,F,lung,IV,radiotherapy,2022-05-15,yes,17.33,228.85
424,Synthetic_00424,21,M,colon,III,surgery,2022-04-23,no,5.55,38.71
425,Synthetic_00425,21,F,colon,III,chemotherapy,2023-09-08,yes,13.51,59.74
426,Synthetic_00426,67,F,lung,II,surgery,2022-06-22,no,7.95,765.49
427,Synthetic_00427,22,M,lung,I,surgery,2025-08-13,yes,16.72,690.02
428,Synthetic_00428,45,F,breast,I,surgery,2022-03-17,no,9.97,561.04
429,Synthetic_00429,47,F,lung,II,surgery,2020-09-01,yes,11.27,548.93
430,Synthetic_00430,73,F,prostate,I,surgery,2022-06-12,yes,9.33,785.29
431,Synthetic_00431,36,F,lung,I,chemotherapy,2020-07-20,no,11.77,497.83
432,Synthetic_00432,54,M,colon,III,surgery,2024-12-25,yes,5.44,85.03
433,Synthetic_00433,38,F,lung,II,chemotherapy,2023-10-22,no,20.00,404.59
434,Synthetic_00434,27,M,prostate,II,chemotherapy,2020-07-10,yes,7.36,649.16
435,Synthetic_00435,18,M,lung,III,surgery,2025-10-03,no,17.47,791.95
436,Synthetic_00436,72,M,prostate,IV,surgery,2025-04-19,yes,15.96,665.56
437,Synthetic_00437,62,M,lung,II,surgery,2025-10-14,yes,4.90,169.80
438,Synthetic_00438,36,F,lung,I,surgery,2020-05-05,yes,6.77,270.68
439,Synthetic_00439,68,M,lung,II,radiotherapy,2020-07-25,no,13.89,433.71
440,Synthetic_00440,20,F,colon,I,chemotherapy,2025-08-18,yes,3.03,1.76
441,Synthetic_00441,59,M,colon,IV,radiotherapy,2023-05-06,no,4.48,481.15
442,Synthetic_00442,67,F,prostate,I,chemotherapy,2022-03-19,yes,8.45,363.95
443,Synthetic_00443,23,M,breast,III,chemotherapy,2025-02-03,no,17.93,289.76
444,Synthetic_00444,62,M,prostate,II,surgery,2020-05-25,no,17.99,151.08
445,Synthetic_00445,35,M,prostate,III,surgery,2024-01-20,no,8.65,790.98
446,Synthetic_00446,24,M,prostate,IV,radiotherapy,2021-09-02,yes,15.94,810.81
447,Synthetic_00447,77,F,colon,II,surgery,2022-01-28,no,4.17,538.18
448,Synthetic_00448,77,F,colon,II,surgery,2022-09-17,no,15.96,96.07
449,Synthetic_00449,68,M,breast,IV,surgery,2023-02-20,no,15.62,926.28
450,Synthetic_00450,29,M,prostate,III,radiotherapy,2024-02-01,yes,12.91,142.95
451,Synthetic_00451,82,M,prostate,II,surgery,2023-07-18,yes,6.32,677.91
452,Synthetic_00452,37,M,prostate,I,radiotherapy,2021-02-16,no,7.72,978.96
453,Synthetic_00453,51,M,colon,IV,surgery,2023-11-28,no,7.51,31.48
454,Synthetic_00454,38,M,prostate,IV,radiotherapy,2020-04-11,no,4.38,385.62
455,Synthetic_00455,22,F,breast,I,radiotherapy,2023-08-25,no,8.06,376.71
456,Synthetic_00456,78,M,lung,IV,surgery,2021-06-09,yes,2.66,691.77
457,Synthetic_00457,49,F,colon,I,radiotherapy,2020-01-28,no,16.83,945.26
458,Synthetic_00458,76,M,colon,II,chemotherapy,2023-05-08,yes,3.25,739.90
459,Synthetic_00459,38,M,prostate,II,surgery,2024-10-22,yes,16.86,941.97
460,Synthetic_00460,70,M,breast,II,surgery,2020-02-07,yes,8.42,335.24
461,Synthetic_00461,77,F,colon,IV,surgery,2020-10-24,yes,13.55,478.07
462,Synthetic_00462,28,F,colon,IV,chemotherapy,2024-05-15,no,18.86,717.00
463,Synthetic_00463,89,M,breast,I,chemotherapy,2023-03-06,no,18.52,476.65
464,Synthetic_00464,90,M,prostate,II,surgery,2023-11-20,yes,16.81,829.21
465,Synthetic_00465,22,M,prostate,III,radiotherapy,2025-08-24,yes,8.89,159.52
466,Synthetic_00466,46,F,lung,III,radiotherapy,2023-04-07,no,14.26,989.80
467,Synthetic_00467,45,M,prostate,II,chemotherapy,2021-03-03,no,7.86,420.07
468,Synthetic_00468,57,M,prostate,II,surgery,2023-06-09,yes,15.58,25.89
469,Synthetic_00469,59,F,colon,IV,surgery,2020-08-12,yes,6.68,82.11
470,Synthetic_00470,24,M,prostate,I,radiotherapy,2021-04-21,no,13.70,57.44
471,Synthetic_00471,19,F,colon,I,chemotherapy,2024-12-16,yes,9.76,817.89
472,Synthetic_00472,71,M,colon,II,chemotherapy,2021-05-20,no,16.22,756.23
473,Synthetic_00473,54,M,prostate,III,surgery,2021-09-04,yes,3.04,673.11
474,Synthetic_00474,82,F,breast,III,radiotherapy,2025-05-28,no,2.71,647.77
475,Synthetic_00475,73,F,lung,I,surgery,2025-05-04,no,6.53,49.66
476,Synthetic_00476,55,F,colon,IV,chemotherapy,2024-11-28,no,17.69,191.19
477,Synthetic_00477,53,F,prostate,I,radiotherapy,2023-09-26,yes,16.58,346.05
478,Synthetic_00478,24,M,colon,I,radiotherapy,2020-04-20,yes,4.34,326.51
479,Synthetic_00479,19,F,prostate,III,surgery,2025-03-11,no,11.62,256.10
480,Synthetic_00480,47,F,breast,III,surgery,2023-05-28,yes,1.26,503.52
481,Synthetic_00481,55,F,colon,I,radiotherapy,2024-01-24,yes,14.55,405.92
482,Synthetic_00482,37,F,colon,II,chemotherapy,2025-04-15,yes,19.02,512.86
483,Synthetic_00483,28,M,lung,II,radiotherapy,2025-01-27,yes,11.26,557.60
484,Synthetic_00484,80,F,prostate,II,chemotherapy,2024-08-14,no,6.48,974.76
485,Synthetic_00485,70,M,prostate,III,radiotherapy,2025-10-10,yes,15.80,797.84
486,Synthetic_00486,25,M,lung,III,surgery,2022-09-14,no,15.96,788.10
487,Synthetic_00487,28,M,prostate,I,surgery,2024-02-05,yes,14.53,264.64
488,Synthetic_00488,63,M,prostate,II,radiotherapy,2022-10-01,no,14.64,563.92
489,Synthetic_00489,64,F,prostate,I,chemotherapy,2022-02-10,no,1.71,788.80
490,Synthetic_00490,70,F,prostate,III,chemotherapy,2024-11-02,no,16.43,826.32
491,Synthetic_00491,61,F,breast,I,radiotherapy,2023-02-01,yes,18.05,254.32
492,Synthetic_00492,72,F,lung,II,radiotherapy,2023-01-24,yes,7.54,455.90
493,Synthetic_00493,23,F,prostate,IV,chemotherapy,2021-03-28,no,19.42,455.86
494,Synthetic_00494,31,M,prostate,I,chemotherapy,2024-08-07,yes,15.26,159.61
495,Synthetic_00495,31,F,prostate,II,surgery,2022-10-06,no,6.46,693.69
496,Synthetic_00496,38,F,breast,II,radiotherapy,2023-04-11,no,12.66,302.90
497,Synthetic_00497,87,M,colon,II,surgery,2021-08-27,no,5.33,257.93
498,Synthetic_00498,68,M,colon,II,surgery,2025-06-13,no,3.84,552.62
499,Synthetic_00499,25,F,colon,III,radiotherapy,2020-08-17,yes,5.53,251.16
500,Synthetic_00500,77,F,breast,I,radiotherapy,2021-09-10,no,13.95,565.54
501,Synthetic_00501,28,F,prostate,I,chemotherapy,2025-10-16,no,10.09,990.92
502,Synthetic_00502,45,M,prostate,IV,chemotherapy,2024-11-22,no,18.08,128.12
503,Synthetic_00503,80,M,prostate,II,chemotherapy,2025-02-11,no,4.77,444.31
504,Synthetic_00504,40,F,breast,IV,radiotherapy,2021-11-22,yes,13.18,530.94
505,Synthetic_00505,77,F,colon,I,surgery,2024-10-08,yes,8.56,219.61
506,Synthetic_00506,25,M,prostate,I,chemotherapy,2020-12-08,no,3.68,932.92
507,Synthetic_00507,28,M,colon,I,chemotherapy,2023-10-02,yes,18.92,281.45
508,Synthetic_00508,27,M,lung,I,radiotherapy,2024-09-27,no,17.91,126.49
509,Synthetic_00509,49,M,prostate,I,chemotherapy,2020-08-11,no,13.71,89.41
510,Synthetic_00510,27,F,lung,III,chemotherapy,2020-01-06,yes,17.78,618.72
511,Synthetic_00511,43,F,colon,II,surgery,2023-12-23,no,18.46,538.56
512,Synthetic_00512,38,M,breast,IV,chemotherapy,2023-07-09,no,6.86,910.00
513,Synthetic_00513,45,F,colon,I,surgery,2024-02-27,no,6.20,900.31
514,Synthetic_00514,87,M,breast,II,chemotherapy,2022-08-02,yes,19.42,274.44
515,Synthetic_00515,84,M,lung,II,radiotherapy,2024-09-01,no,8.04,479.68
516,Synthetic_00516,61,M,lung,II,chemotherapy,2020-11-11,no,14.93,838.81
517,Synthetic_00517,37,M,breast,II,radiotherapy,2021-09-08,yes,15.68,788.52
518,Synthetic_00518,85,M,breast,II,chemotherapy,2023-07-23,no,7.55,195.72
519,Synthetic_00519,67,F,colon,II,radiotherapy,2022-12-10,yes,8.11,994.59
520,Synthetic_00520,44,M,breast,I,surgery,2020-03-24,yes,16.63,814.13
521,Synthetic_00521,87,F,breast,III,surgery,2020-08-25,no,2.02,692.07
522,Synthetic_00522,68,M,breast,IV,surgery,2024-12-25,yes,11.81,889.92
523,Synthetic_00523,83,F,lung,I,chemotherapy,2025-03-28,no,1.06,687.91
524,Synthetic_00524,47,F,prostate,II,chemotherapy,2020-02-03,yes,17.57,401.82
525,Synthetic_00525,50,F,colon,III,chemotherapy,2021-08-17,no,14.64,447.88
526,Synthetic_00526,22,M,prostate,I,chemotherapy,2023-03-21,yes,10.66,89.08
527,Synthetic_00527,30,M,lung,III,chemotherapy,2023-11-15,yes,13.62,263.37
528,Synthetic_00528,88,F,colon,I,surgery,2021-10-27,yes,10.27,116.52
529,Synthetic_00529,84,F,colon,II,chemotherapy,2025-10-25,no,4.94,582.19
530,Synthetic_00530,65,F,breast,I,chemotherapy,2022-11-01,no,10.64,164.83
531,Synthetic_00531,30,M,breast,IV,radiotherapy,2024-07-27,no,2.07,910.36
532,Synthetic_00532,77,F,colon,III,chemotherapy,2021-03-24,no,10.70,732.95
533,Synthetic_00533,57,F,colon,IV,chemotherapy,2023-09-02,no,7.20,119.85
534,Synthetic_00534,31,F,breast,II,radiotherapy,2024-05-05,yes,6.96,613.69
535,Synthetic_00535,22,F,prostate,I,surgery,2022-01-11,yes,13.72,319.91
536,Synthetic_00536,29,M,prostate,IV,chemotherapy,2024-08-12,yes,7.91,859.74
537,Synthetic_00537,85,F,prostate,III,chemotherapy,2025-01-13,no,15.83,454.84
538,Synthetic_00538,71,M,lung,IV,radiotherapy,2022-10-18,no,4.00,758.00
539,Synthetic_00539,51,M,breast,I,surgery,2021-02-01,no,1.23,539.59
540,Synthetic_00540,47,M,lung,I,chemotherapy,2023-09-17,no,16.52,294.11
541,Synthetic_00541,28,F,breast,I,chemotherapy,2021-05-12,no,14.62,72.41
542,Synthetic_00542,75,F,prostate,IV,radiotherapy,2025-03-02,no,17.85,483.77
543,Synthetic_00543,37,M,prostate,IV,radiotherapy,2024-06-25,no,8.75,708.69
544,Synthetic_00544,61,M,breast,II,surgery,2022-07-06,no,3.52,339.90
545,Synthetic_00545,59,F,prostate,III,chemotherapy,2023-02-19,no,16.31,910.78
546,Synthetic_00546,56,M,lung,III,radiotherapy,2020-06-04,yes,16.99,81.57
547,Synthetic_00547,83,M,breast,III,radiotherapy,2021-09-21,yes,5.60,327.85
548,Synthetic_00548,42,M,prostate,II,surgery,2024-02-08,no,12.08,808.76
549,Synthetic_00549,64,F,colon,I,radiotherapy,2022-11-23,yes,13.73,868.46
550,Synthetic_00550,63,M,colon,I,chemotherapy,2023-05-21,no,11.01,926.11
551,Synthetic_00551,62,M,prostate,II,radiotherapy,2023-09-20,yes,6.92,12.89
552,Synthetic_00552,25,F,prostate,IV,chemotherapy,2024-06-01,no,2.21,306.99
553,Synthetic_00553,43,M,lung,II,chemotherapy,2023-03-19,no,3.15,823.81
554,Synthetic_00554,55,M,breast,III,radiotherapy,2020-09-15,yes,11.18,178.82
555,Synthetic_00555,68,M,breast,III,radiotherapy,2025-05-28,yes,3.76,923.90
556,Synthetic_00556,43,F,lung,II,chemotherapy,2025-06-04,yes,4.15,290.14
557,Synthetic_00557,56,M,lung,I,surgery,2023-10-02,yes,6.51,3.85
558,Synthetic_00558,24,F,prostate,II,chemotherapy,2024-12-21,no,4.92,185.93
559,Synthetic_00559,46,M,breast,II,radiotherapy,2020-06-14,yes,14.84,296.12
560,Synthetic_00560,90,F,lung,IV,chemotherapy,2022-07-07,yes,13.96,349.65
561,Synthetic_00561,35,F,prostate,III,surgery,2022-08-07,yes,16.11,243.07
562,Synthetic_00562,78,M,prostate,I,radiotherapy,2023-02-03,no,19.63,20.04
563,Synthetic_00563,39,F,lung,II,surgery,2021-03-27,no,9.06,290.61
564,Synthetic_00564,61,F,colon,IV,chemotherapy,2021-11-19,no,5.96,160.03
565,Synthetic_00565,19,F,prostate,I,surgery,2024-03-27,no,4.55,140.35
566,Synthetic_00566,52,F,colon,I,radiotherapy,2025-02-02,yes,1.09,819.81
567,Synthetic_00567,72,F,lung,IV,radiotherapy,2020-11-01,no,3.66,857.51
568,Synthetic_00568,71,F,prostate,IV,surgery,2023-12-28,yes,4.43,895.54
569,Synthetic_00569,25,F,colon,III,chemotherapy,2023-11-15,no,17.07,603.24
570,Synthetic_00570,33,F,prostate,III,chemotherapy,2025-04-08,no,5.96,309.24
571,Synthetic_00571,67,F,lung,I,surgery,2025-07-25,no,2.08,448.54
572,Synthetic_00572,69,F,lung,II,radiotherapy,2025-09-08,yes,4.90,225.41
573,Synthetic_00573,61,F,colon,II,chemotherapy,2022-04-17,no,4.85,364.55
574,Synthetic_00574,33,F,lung,I,radiotherapy,2020-08-20,no,15.92,511.68
575,Synthetic_00575,88,M,lung,I,radiotherapy,2025-11-27,yes,4.07,604.09
576,Synthetic_00576,45,F,prostate,III,radiotherapy,2022-12-16,no,17.98,143.21
577,Synthetic_00577,82,M,colon,III,chemotherapy,2023-11-04,yes,15.31,496.52
578,Synthetic_00578,52,M,lung,I,surgery,2020-03-02,yes,5.58,976.42
579,Synthetic_00579,88,M,prostate,I,chemotherapy,2024-02-19,no,16.82,362.45
580,Synthetic_00580,89,M,breast,II,surgery,2021-09-20,no,19.20,147.95
581,Synthetic_00581,19,F,breast,I,surgery,2025-06-27,no,16.31,971.04
582,Synthetic_00582,52,F,breast,III,surgery,2023-02-18,no,7.34,821.22
583,Synthetic_00583,18,M,prostate,IV,radiotherapy,2024-03-03,no,3.01,710.53
584,Synthetic_00584,39,F,breast,I,radiotherapy,2024-04-11,no,15.55,867.27
585,Synthetic_00585,62,M,lung,II,chemotherapy,2022-09-25,yes,1.50,872.08
586,Synthetic_00586,49,M,prostate,II,radiotherapy,2020-01-17,no,16.73,504.95
587,Synthetic_00587,51,M,colon,I,surgery,2020-03-28,yes,15.64,207.18
588,Synthetic_00588,45,F,breast,IV,radiotherapy,2023-12-27,no,2.98,112.63
589,Synthetic_00589,86,F,breast,IV,chemotherapy,2020-06-04,yes,8.49,63.97
590,Synthetic_00590,88,F,breast,II,surgery,2024-09-05,no,1.97,368.46
591,Synthetic_00591,41,M,colon,II,surgery,2024-04-13,no,13.37,66.98
592,Synthetic_00592,48,M,breast,I,surgery,2020-08-04,yes,17.53,820.37
593,Synthetic_00593,76,F,lung,III,radiotherapy,2022-01-04,no,15.25,347.25
594,Synthetic_00594,56,M,prostate,II,radiotherapy,2021-04-21,yes,1.76,553.87
595,Synthetic_00595,86,M,prostate,IV,surgery,2023-12-03,yes,11.86,986.97
596,Synthetic_00596,35,M,prostate,II,radiotherapy,2022-12-21,yes,11.26,583.84
597,Synthetic_00597,89,M,lung,II,radiotherapy,2023-08-14,no,11.24,121.61
598,Synthetic_00598,90,M,prostate,I,radiotherapy,2025-09-14,yes,19.94,789.11
599,Synthetic_00599,58,M,lung,III,chemotherapy,2021-06-27,no,10.54,440.94
600,Synthetic_00600,71,M,colon,II,radiotherapy,2024-07-18,no,11.96,543.76
601,Synthetic_00601,36,M,lung,II,surgery,2023-03-13,no,11.56,808.46
602,Synthetic_00602,43,F,prostate,I,chemotherapy,2023-07-08,no,18.17,968.08
603,Synthetic_00603,88,F,breast,I,radiotherapy,2022-06-04,no,12.08,594.91
604,Synthetic_00604,89,F,lung,II,surgery,2022-12-24,no,6.40,391.89
605,Synthetic_00605,46,F,prostate,IV,chemotherapy,2020-09-18,yes,16.13,350.60
606,Synthetic_00606,34,M,prostate,IV,surgery,2022-05-21,yes,13.89,355.02
607,Synthetic_00607,48,M,colon,I,surgery,2022-02-27,no,3.23,682.55
608,Synthetic_00608,35,M,breast,II,chemotherapy,2024-01-23,no,1.58,826.42
609,Synthetic_00609,25,M,lung,I,surgery,2024-02-25,no,13.23,42.17
610,Synthetic_00610,65,M,colon,II,radiotherapy,2023-03-13,yes,15.01,643.72
611,Synthetic_00611,29,M,lung,III,surgery,2023-05-17,yes,10.25,271.23
612,Synthetic_00612,57,F,breast,II,surgery,2022-06-04,yes,7.74,854.15
613,Synthetic_00613,84,M,colon,I,surgery,2021-03-14,no,11.96,186.83
614,Synthetic_00614,71,F,lung,II,surgery,2023-08-03,yes,13.17,155.73
615,Synthetic_00615,44,M,breast,III,surgery,2023-01-20,no,1.31,278.28
616,Synthetic_00616,18,F,breast,III,radiotherapy,2024-08-26,no,3.75,456.99
617,Synthetic_00617,78,M,prostate,I,chemotherapy,2021-07-24,yes,6.55,624.55
618,Synthetic_00618,87,F,colon,II,radiotherapy,2022-08-23,yes,2.99,725.73
619,Synthetic_00619,20,F,prostate,IV,surgery,2023-10-24,yes,17.13,315.50
620,Synthetic_00620,35,M,breast,II,surgery,2020-10-15,no,10.50,88.97
621,Synthetic_00621,37,F,lung,I,surgery,2024-09-06,no,19.53,301.46
622,Synthetic_00622,71,M,colon,I,radiotherapy,2024-08-16,no,11.69,106.68
623,Synthetic_00623,28,F,prostate,I,radiotherapy,2025-06-18,yes,9.11,806.47
624,Synthetic_00624,40,F,prostate,III,surgery,2025-12-27,no,1.58,666.46
625,Synthetic_00625,52,M,colon,II,radiotherapy,2025-07-07,no,17.64,266.40
626,Synthetic_00626,51,F,prostate,III,radiotherapy,2023-06-24,yes,2.06,100.17
627,Synthetic_00627,86,M,lung,IV,chemotherapy,2023-01-09,no,19.55,924.14
628,Synthetic_00628,65,M,breast,II,surgery,2024-05-25,yes,12.06,554.34
629,Synthetic_00629,48,F,prostate,III,surgery,2022-07-26,yes,13.36,773.41
630,Synthetic_00630,56,M,breast,I,surgery,2020-03-22,yes,2.19,402.55
631,Synthetic_00631,63,F,colon,II,radiotherapy,2021-07-21,yes,3.36,587.09
632,Synthetic_00632,86,M,breast,III,chemotherapy,2025-02-16,yes,14.98,471.25
633,Synthetic_00633,74,M,prostate,III,chemotherapy,2020-07-26,no,9.89,192.17
634,Synthetic_00634,77,F,colon,II,surgery,2024-02-16,yes,9.05,504.90
635,Synthetic_00635,70,M,colon,I,chemotherapy,2024-02-06,no,12.45,418.86
636,Synthetic_00636,80,M,colon,I,radiotherapy,2021-11-21,yes,15.11,944.15
637,Synthetic_00637,29,M,lung,II,radiotherapy,2022-04-04,no,5.14,289.61
638,Synthetic_00638,25,M,colon,III,radiotherapy,2024-10-25,no,16.33,164.11
639,Synthetic_00639,30,M,prostate,III,chemotherapy,2020-06-28,yes,17.95,614.50
640,Synthetic_00640,49,F,colon,II,chemotherapy,2020-04-16,yes,12.74,453.16
641,Synthetic_00641,77,F,prostate,II,radiotherapy,2022-11-20,no,13.59,939.46
642,Synthetic_00642,35,F,breast,I,radiotherapy,2023-07-25,yes,18.70,557.55
643,Synthetic_00643,59,M,breast,I,surgery,2024-01-14,yes,11.22,154.25
644,Synthetic_00644,29,F,lung,I,radiotherapy,2025-12-23,no,18.66,475.30
645,Synthetic_00645,67,F,colon,IV,chemotherapy,2020-10-27,no,15.45,845.08
646,Synthetic_00646,34,F,breast,I,chemotherapy,2022-05-19,no,1.28,970.72
647,Synthetic_00647,19,M,colon,III,chemotherapy,2024-10-20,yes,2.54,801.88
648,Synthetic_00648,35,F,colon,III,surgery,2020-10-14,no,10.14,770.01
649,Synthetic_00649,76,M,prostate,II,radiotherapy,2023-01-21,no,9.44,754.96
650,Synthetic_00650,29,F,lung,II,chemotherapy,2020-08-09,yes,6.22,800.71
651,Synthetic_00651,26,F,colon,III,radiotherapy,2020-02-06,yes,14.04,886.93
652,Synthetic_00652,29,F,prostate,I,surgery,2020-07-23,yes,3.38,421.32
653,Synthetic_00653,60,F,prostate,III,surgery,2022-04-18,no,17.24,391.80
654,Synthetic_00654,85,M,prostate,II,chemotherapy,2024-08-09,no,4.29,490.14
655,Synthetic_00655,31,M,colon,III,chemotherapy,2025-06-02,no,17.51,259.02
656,Synthetic_00656,83,F,prostate,IV,surgery,2024-01-08,yes,2.74,120.98
657,Synthetic_00657,81,M,lung,II,radiotherapy,2025-07-23,no,13.03,111.32
658,Synthetic_00658,34,F,prostate,IV,radiotherapy,2025-11-25,no,8.38,526.32
659,Synthetic_00659,85,M,colon,I,chemotherapy,2020-11-18,no,3.43,756.21
660,Synthetic_00660,46,M,lung,IV,chemotherapy,2022-07-27,yes,1.90,956.88
661,Synthetic_00661,87,M,colon,II,radiotherapy,2024-10-25,no,2.42,706.15
662,Synthetic_00662,45,F,colon,IV,radiotherapy,2024-12-02,no,16.14,740.10
663,Synthetic_00663,86,M,colon,IV,surgery,2020-02-16,yes,9.34,562.89
664,Synthetic_00664,74,M,prostate,III,surgery,2022-11-21,yes,18.16,79.48
665,Synthetic_00665,49,F,breast,II,radiotherapy,2024-03-21,yes,14.88,446.93
666,Synthetic_00666,28,M,colon,II,chemotherapy,2025-09-09,yes,15.67,433.24
667,Synthetic_00667,50,F,prostate,I,radiotherapy,2020-06-18,no,17.54,469.27
668,Synthetic_00668,82,F,prostate,III,surgery,2021-02-14,no,18.24,599.77
669,Synthetic_00669,27,F,prostate,II,radiotherapy,2023-06-06,yes,2.25,461.69
670,Synthetic_00670,32,M,lung,I,radiotherapy,2020-06-03,yes,5.65,325.14
671,Synthetic_00671,58,F,colon,III,chemotherapy,2023-09-04,no,19.62,324.22
672,Synthetic_00672,40,M,breast,IV,surgery,2022-10-03,no,6.16,315.31
673,Synthetic_00673,72,M,prostate,II,surgery,2025-04-24,no,5.12,290.05
674,Synthetic_00674,78,F,lung,II,surgery,2025-03-19,yes,3.59,38.04
675,Synthetic_00675,35,M,prostate,III,radiotherapy,2023-08-20,yes,13.30,709.76
676,Synthetic_00676,75,F,colon,I,chemotherapy,2023-04-14,no,6.64,242.29
677,Synthetic_00677,81,M,prostate,I,surgery,2021-11-27,yes,16.94,959.97
678,Synthetic_00678,26,F,colon,III,radiotherapy,2021-04-07,no,17.35,156.59
679,Synthetic_00679,23,F,breast,IV,radiotherapy,2022-01-01,no,18.80,566.59
680,Synthetic_00680,35,F,breast,III,chemotherapy,2023-11-17,yes,8.43,134.28
681,Synthetic_00681,48,F,prostate,II,chemotherapy,2024-09-15,yes,10.68,625.42
682,Synthetic_00682,84,M,lung,II,chemotherapy,2025-11-26,yes,13.67,809.73
683,Synthetic_00683,22,F,breast,III,radiotherapy,2024-05-07,no,19.47,14.31
684,Synthetic_00684,75,F,colon,III,surgery,2021-03-21,no,18.99,161.38
685,Synthetic_00685,62,M,lung,IV,chemotherapy,2021-03-16,yes,4.35,900.90
686,Synthetic_00686,37,M,colon,IV,surgery,2021-09-13,yes,11.76,480.96
687,Synthetic_00687,54,F,breast,I,radiotherapy,2024-02-16,yes,7.28,613.98
688,Synthetic_00688,32,F,lung,II,radiotherapy,2025-01-28,yes,3.62,287.00
689,Synthetic_00689,44,M,lung,II,chemotherapy,2020-10-07,no,13.72,61.37
690,Synthetic_00690,48,M,breast,II,radiotherapy,2025-04-02,yes,11.21,567.89
691,Synthetic_00691,84,F,prostate,IV,chemotherapy,2024-03-21,no,8.80,362.22
692,Synthetic_00692,42,M,prostate,I,surgery,2020-04-08,no,15.44,591.04
693,Synthetic_00693,69,M,lung,III,surgery,2022-02-26,yes,8.25,925.69
694,Synthetic_00694,52,M,lung,III,surgery,2021-06-02,no,17.43,155.04
695,Synthetic_00695,27,F,prostate,III,surgery,2024-06-07,yes,13.09,302.39
696,Synthetic_00696,20,F,colon,III,surgery,2021-07-14,yes,2.30,715.37
697,Synthetic_00697,22,F,colon,I,chemotherapy,2022-03-24,no,11.15,67.56
698,Synthetic_00698,39,M,breast,IV,surgery,2024-03-05,no,12.57,608.45
699,Synthetic_00699,21,M,prostate,I,radiotherapy,2021-09-10,no,6.50,626.99
700,Synthetic_00700,50,F,lung,II,chemotherapy,2025-03-24,no,8.58,287.35
701,Synthetic_00701,57,M,colon,IV,chemotherapy,2021-08-19,no,19.97,318.57
702,Synthetic_00702,28,F,colon,I,radiotherapy,2020-07-21,no,1.24,970.63
703,Synthetic_00703,37,F,breast,III,chemotherapy,2023-04-20,no,4.91,25.24
704,Synthetic_00704,21,F,colon,I,chemotherapy,2025-03-28,no,5.39,815.97
705,Synthetic_00705,87,F,colon,II,radiotherapy,2025-01-10,yes,1.00,656.98
706,Synthetic_00706,80,M,breast,IV,chemotherapy,2022-02-01,yes,9.08,363.65
707,Synthetic_00707,51,M,colon,I,surgery,2025-10-21,yes,6.01,8.33
708,Synthetic_00708,89,M,lung,III,surgery,2024-10-21,yes,2.51,152.62
709,Synthetic_00709,40,F,breast,I,surgery,2021-12-02,no,7.70,75.29
710,Synthetic_00710,57,M,prostate,I,chemotherapy,2020-11-09,no,18.70,930.36
711,Synthetic_00711,84,F,lung,I,surgery,2025-04-12,yes,1.14,793.58
712,Synthetic_00712,55,F,breast,II,radiotherapy,2025-12-10,no,19.57,725.77
713,Synthetic_00713,55,F,colon,I,chemotherapy,2023-10-12,no,16.01,192.99
714,Synthetic_00714,45,M,lung,III,surgery,2021-02-16,no,9.34,84.80
715,Synthetic_00715,68,F,colon,III,chemotherapy,2023-07-19,no,19.60,385.72
716,Synthetic_00716,46,F,lung,II,radiotherapy,2025-06-01,yes,13.32,398.98
717,Synthetic_00717,36,F,prostate,III,radiotherapy,2020-10-12,no,15.27,977.69
718,Synthetic_00718,58,F,breast,I,radiotherapy,2022-04-02,yes,8.70,356.70
719,Synthetic_00719,57,M,lung,I,surgery,2022-04-17,no,19.78,428.33
720,Synthetic_00720,76,M,breast,I,radiotherapy,2020-08-26,no,19.27,161.42
721,Synthetic_00721,79,F,prostate,III,radiotherapy,2021-12-07,no,18.72,234.26
722,Synthetic_00722,54,M,lung,II,surgery,2024-06-10,no,8.34,796.95
723,Synthetic_00723,18,F,breast,IV,radiotherapy,2022-01-28,no,10.57,343.04
724,Synthetic_00724,27,F,lung,III,chemotherapy,2024-09-15,no,6.62,364.34
725,Synthetic_00725,82,F,prostate,I,radiotherapy,2020-09-01,no,18.80,212.70
726,Synthetic_00726,76,F,lung,I,chemotherapy,2022-08-23,no,8.13,10.57
727,Synthetic_00727,27,F,lung,II,chemotherapy,2021-11-01,no,18.67,679.32
728,Synthetic_00728,69,F,lung,II,surgery,2020-08-12,no,11.49,375.43
729,Synthetic_00729,87,M,lung,II,chemotherapy,2022-11-23,yes,14.97,747.38
730,Synthetic_00730,32,M,prostate,I,radiotherapy,2025-06-20,yes,11.00,642.78
731,Synthetic_00731,79,F,lung,III,surgery,2022-09-10,yes,5.69,442.42
732,Synthetic_00732,55,F,prostate,III,radiotherapy,2024-03-15,yes,16.91,697.18
733,Synthetic_00733,21,F,breast,II,chemotherapy,2022-03-26,no,10.79,934.97
734,Synthetic_00734,25,M,breast,III,radiotherapy,2022-10-06,yes,4.64,648.96
735,Synthetic_00735,40,F,colon,IV,surgery,2020-02-22,yes,9.78,606.81
736,Synthetic_00736,19,F,prostate,II,radiotherapy,2023-11-15,yes,3.66,519.40
737,Synthetic_00737,56,M,lung,IV,surgery,2023-04-09,yes,11.52,741.35
738,Synthetic_00738,84,M,lung,III,chemotherapy,2024-04-13,no,5.61,993.75
739,Synthetic_00739,42,M,lung,I,chemotherapy,2024-06-02,no,3.53,507.61
740,Synthetic_00740,34,F,colon,II,surgery,2025-08-27,no,18.79,76.17
741,Synthetic_00741,55,F,lung,IV,radiotherapy,2023-04-26,no,17.27,393.23
742,Synthetic_00742,60,M,prostate,I,chemotherapy,2023-05-26,no,7.26,973.00
743,Synthetic_00743,34,M,breast,II,surgery,2023-09-09,yes,8.50,306.84
744,Synthetic_00744,58,F,colon,II,surgery,2023-07-22,yes,1.33,883.01
745,Synthetic_00745,28,F,breast,I,chemotherapy,2022-11-28,yes,3.31,894.41
746,Synthetic_00746,74,M,colon,I,surgery,2020-11-23,no,17.02,776.86
747,Synthetic_00747,57,F,lung,IV,radiotherapy,2021-08-16,yes,9.13,247.08
748,Synthetic_00748,24,M,breast,IV,surgery,2021-11-23,no,6.70,19.85
749,Synthetic_00749,68,F,prostate,III,radiotherapy,2025-08-21,yes,6.29,924.08
750,Synthetic_00750,20,M,lung,IV,surgery,2025-03-24,no,7.30,484.30
751,Synthetic_00751,27,M,lung,IV,radiotherapy,2023-05-09,yes,6.02,929.73
752,Synthetic_00752,35,F,colon,IV,surgery,2022-11-08,yes,14.02,214.51
753,Synthetic_00753,78,F,colon,III,radiotherapy,2023-12-05,yes,4.32,677.39
754,Synthetic_00754,57,M,breast,I,radiotherapy,2022-05-16,no,7.35,419.43
755,Synthetic_00755,69,M,breast,III,surgery,2023-03-06,yes,7.04,531.09
756,Synthetic_00756,29,M,colon,IV,surgery,2025-10-10,no,1.09,551.00
757,Synthetic_00757,34,M,colon,I,surgery,2024-03-18,no,18.50,427.15
758,Synthetic_00758,40,F,prostate,I,surgery,2022-01-06,yes,3.05,577.60
759,Synthetic_00759,81,F,prostate,IV,surgery,2022-05-09,yes,4.64,534.50
760,Synthetic_00760,25,M,breast,III,surgery,2024-05-03,yes,7.45,169.59
761,Synthetic_00761,42,F,lung,I,surgery,2025-01-15,yes,11.93,674.47
762,Synthetic_00762,78,M,prostate,IV,chemotherapy,2021-09-06,no,7.07,509.97
763,Synthetic_00763,86,M,lung,I,radiotherapy,2022-08-27,no,2.88,825.55
764,Synthetic_00764,86,F,breast,II,surgery,2022-05-23,no,4.21,180.81
765,Synthetic_00765,35,M,breast,III,radiotherapy,2022-02-06,no,8.68,124.98
766,Synthetic_00766,50,F,prostate,II,radiotherapy,2023-05-15,no,19.34,939.35
767,Synthetic_00767,22,M,breast,II,surgery,2023-06-24,no,18.57,637.89
768,Synthetic_00768,59,M,colon,II,radiotherapy,2022-01-09,no,10.12,799.69
769,Synthetic_00769,28,F,breast,II,chemotherapy,2023-08-18,yes,2.96,242.77
770,Synthetic_00770,69,F,lung,III,surgery,2025-01-28,yes,8.04,373.41
771,Synthetic_00771,88,M,breast,IV,surgery,2020-07-26,no,2.70,56.15
772,Synthetic_00772,38,M,colon,I,surgery,2023-07-28,yes,10.50,955.22
773,Synthetic_00773,34,F,lung,IV,chemotherapy,2024-11-01,no,5.70,501.37
774,Synthetic_00774,30,M,breast,IV,chemotherapy,2025-04-27,no,10.82,992.85
775,Synthetic_00775,72,F,colon,III,chemotherapy,2022-01-24,yes,5.83,202.96
776,Synthetic_00776,66,M,prostate,III,chemotherapy,2025-01-18,yes,4.20,950.93
777,Synthetic_00777,63,M,colon,II,chemotherapy,2025-05-12,no,17.40,420.67
778,Synthetic_00778,27,F,colon,III,radiotherapy,2021-09-26,yes,13.37,544.85
779,Synthetic_00779,36,M,colon,IV,radiotherapy,2024-08-16,yes,19.40,67.65
780,Synthetic_00780,66,M,colon,III,surgery,2025-02-20,no,16.07,162.74
781,Synthetic_00781,25,F,lung,IV,surgery,2025-08-23,no,18.80,957.22
782,Synthetic_00782,81,M,breast,III,surgery,2020-02-07,yes,3.81,735.62
783,Synthetic_00783,75,M,breast,III,radiotherapy,2020-11-01,yes,16.37,887.46
784,Synthetic_00784,59,M,breast,II,chemotherapy,2020-01-28,no,8.30,716.16
785,Synthetic_00785,51,F,lung,I,surgery,2024-09-28,no,1.28,473.07
786,Synthetic_00786,37,F,prostate,II,surgery,2021-09-20,yes,13.96,464.06
787,Synthetic_00787,64,M,prostate,II,radiotherapy,2022-05-21,no,7.39,301.90
788,Synthetic_00788,34,F,lung,I,radiotherapy,2024-06-01,yes,15.65,179.30
789,Synthetic_00789,57,F,lung,I,surgery,2024-01-01,no,1.15,742.15
790,Synthetic_00790,36,M,prostate,II,surgery,2021-09-09,no,5.91,183.79
791,Synthetic_00791,75,M,prostate,III,radiotherapy,2020-07-04,no,17.77,993.51
792,Synthetic_00792,36,F,breast,II,radiotherapy,2021-11-14,no,10.27,786.81
793,Synthetic_00793,47,M,colon,II,radiotherapy,2025-10-03,no,3.69,285.57
794,Synthetic_00794,20,F,prostate,III,chemotherapy,2025-04-22,yes,14.43,413.41
795,Synthetic_00795,30,M,prostate,IV,chemotherapy,2025-08-10,no,3.85,349.86
796,Synthetic_00796,26,M,lung,II,surgery,2025-12-26,yes,14.27,516.92
797,Synthetic_00797,18,F,colon,III,radiotherapy,2025-05-03,no,12.58,156.04
798,Synthetic_00798,83,F,lung,II,surgery,2023-12-23,yes,9.60,769.09
799,Synthetic_00799,32,F,prostate,II,radiotherapy,2023-02-22,yes,8.91,206.93
800,Synthetic_00800,90,M,colon,II,radiotherapy,2025-09-13,no,2.78,399.71
801,Synthetic_00801,57,M,lung,III,chemotherapy,2025-05-17,no,19.12,898.84
802,Synthetic_00802,29,F,colon,I,surgery,2020-11-02,yes,6.32,402.27
803,Synthetic_00803,57,M,prostate,I,chemotherapy,2021-08-13,no,2.66,551.77
804,Synthetic_00804,65,F,lung,III,radiotherapy,2020-07-28,yes,6.34,644.88
805,Synthetic_00805,74,M,prostate,II,chemotherapy,2020-05-06,no,16.24,801.00
806,Synthetic_00806,60,F,colon,II,radiotherapy,2022-09-10,no,14.95,853.55
807,Synthetic_00807,63,F,prostate,II,surgery,2023-05-12,yes,8.51,444.35
808,Synthetic_00808,82,F,breast,IV,chemotherapy,2023-08-21,no,6.45,462.54
809,Synthetic_00809,23,M,lung,I,surgery,2023-03-14,no,16.13,392.35
810,Synthetic_00810,44,M,breast,I,surgery,2022-12-25,no,19.03,587.02
811,Synthetic_00811,70,F,breast,III,radiotherapy,2024-02-08,yes,10.92,29.48
812,Synthetic_00812,45,F,lung,III,radiotherapy,2022-09-23,no,14.47,321.35
813,Synthetic_00813,28,M,prostate,IV,radiotherapy,2023-07-17,yes,16.23,901.18
814,Synthetic_00814,34,F,prostate,IV,chemotherapy,2021-12-06,yes,2.39,428.86
815,Synthetic_00815,85,F,colon,II,radiotherapy,2024-01-09,no,7.33,238.69
816,Synthetic_00816,55,M,breast,IV,surgery,2020-07-25,yes,10.61,880.56
817,Synthetic_00817,74,M,colon,I,radiotherapy,2024-04-08,no,2.35,777.05
818,Synthetic_00818,77,F,colon,II,chemotherapy,2025-08-07,no,3.24,442.77
819,Synthetic_00819,51,M,breast,III,radiotherapy,2024-04-09,no,4.12,438.38
820,Synthetic_00820,38,F,prostate,I,radiotherapy,2020-09-19,yes,17.37,802.98
821,Synthetic_00821,54,F,lung,IV,surgery,2024-08-20,no,2.27,739.45
822,Synthetic_00822,52,F,lung,I,chemotherapy,2023-03-01,no,1.56,170.42
823,Synthetic_00823,70,F,breast,II,radiotherapy,2022-01-12,no,2.11,59.98
824,Synthetic_00824,34,F,lung,III,radiotherapy,2020-04-28,yes,1.00,620.52
825,Synthetic_00825,42,M,breast,I,radiotherapy,2022-10-27,yes,5.53,779.27
826,Synthetic_00826,75,F,lung,IV,radiotherapy,2024-09-13,no,16.02,734.61
827,Synthetic_00827,35,F,breast,I,surgery,2024-09-23,no,18.67,594.33
828,Synthetic_00828,27,F,colon,III,chemotherapy,2021-05-04,yes,15.31,236.46
829,Synthetic_00829,85,F,prostate,IV,chemotherapy,2024-11-15,yes,1.69,567.64
830,Synthetic_00830,24,M,prostate,II,surgery,2021-08-01,yes,8.54,483.76
831,Synthetic_00831,56,M,colon,I,chemotherapy,2023-06-17,yes,6.21,773.84
832,Synthetic_00832,54,F,colon,I,radiotherapy,2020-10-01,yes,13.60,408.72
833,Synthetic_00833,40,M,prostate,III,surgery,2021-04-21,yes,17.79,51.58
834,Synthetic_00834,53,F,breast,III,chemotherapy,2022-10-11,yes,1.07,746.35
835,Synthetic_00835,78,M,colon,III,radiotherapy,2023-03-19,yes,8.91,442.67
836,Synthetic_00836,45,M,colon,III,surgery,2022-08-16,no,12.34,239.42
837,Synthetic_00837,37,M,colon,IV,surgery,2020-09-02,no,18.90,54.22
838,Synthetic_00838,64,M,prostate,II,radiotherapy,2023-11-19,no,10.31,255.22
839,Synthetic_00839,48,F,lung,III,chemotherapy,2020-11-13,no,17.25,655.12
840,Synthetic_00840,81,F,prostate,IV,chemotherapy,2024-03-16,no,17.65,592.58
841,Synthetic_00841,26,M,lung,III,radiotherapy,2025-12-24,no,10.09,637.20
842,Synthetic_00842,75,M,prostate,III,chemotherapy,2022-01-14,no,10.31,4.49
843,Synthetic_00843,28,M,lung,III,radiotherapy,2023-01-25,yes,5.25,487.54
844,Synthetic_00844,69,M,lung,I,chemotherapy,2022-11-05,no,3.20,947.79
845,Synthetic_00845,51,F,prostate,I,radiotherapy,2021-10-06,no,3.02,397.58
846,Synthetic_00846,53,M,lung,IV,radiotherapy,2023-05-12,no,8.92,233.81
847,Synthetic_00847,87,M,prostate,IV,surgery,2021-05-14,yes,4.59,441.42
848,Synthetic_00848,89,M,lung,I,radiotherapy,2025-09-16,no,2.69,557.90
849,Synthetic_00849,50,F,prostate,II,chemotherapy,2022-05-10,yes,4.26,189.24
850,Synthetic_00850,79,M,breast,IV,radiotherapy,2020-03-02,no,5.29,285.55
851,Synthetic_00851,42,M,prostate,IV,radiotherapy,2022-11-07,no,5.61,850.00
852,Synthetic_00852,34,M,lung,I,radiotherapy,2023-09-19,no,17.78,874.29
853,Synthetic_00853,36,F,colon,II,radiotherapy,2024-06-19,yes,2.63,625.49
854,Synthetic_00854,38,M,lung,I,surgery,2021-12-18,no,12.83,203.79
855,Synthetic_00855,56,F,prostate,I,chemotherapy,2024-03-19,no,11.87,127.67
856,Synthetic_00856,54,F,prostate,III,chemotherapy,2020-05-25,no,6.58,642.49
857,Synthetic_00857,81,M,breast,I,chemotherapy,2023-12-26,no,19.97,761.80
858,Synthetic_00858,58,F,breast,III,radiotherapy,2022-05-05,no,14.66,991.48
859,Synthetic_00859,31,F,lung,I,surgery,2023-11-09,no,11.90,226.64
860,Synthetic_00860,73,F,breast,IV,chemotherapy,2021-01-19,yes,16.96,44.37
861,Synthetic_00861,78,F,prostate,II,radiotherapy,2022-12-04,no,12.67,255.33
862,Synthetic_00862,29,M,prostate,IV,surgery,2021-05-08,no,9.98,336.17
863,Synthetic_00863,53,F,prostate,II,chemotherapy,2024-11-22,no,14.24,944.59
864,Synthetic_00864,28,F,prostate,II,radiotherapy,2025-09-18,no,12.51,400.35
865,Synthetic_00865,83,F,prostate,II,chemotherapy,2023-10-10,no,2.13,262.56
866,Synthetic_00866,34,F,prostate,I,radiotherapy,2025-02-08,no,16.30,100.33
867,Synthetic_00867,31,F,prostate,III,radiotherapy,2025-08-04,no,1.01,488.78
868,Synthetic_00868,28,F,lung,IV,chemotherapy,2021-12-08,yes,8.31,261.01
869,Synthetic_00869,73,M,lung,III,surgery,2021-01-25,no,11.46,139.02
870,Synthetic_00870,22,F,lung,IV,surgery,2022-01-19,yes,16.03,296.04
871,Synthetic_00871,30,M,prostate,II,chemotherapy,2020-08-07,no,6.70,879.53
872,Synthetic_00872,59,F,colon,II,chemotherapy,2022-09-23,yes,13.28,287.51
873,Synthetic_00873,40,F,prostate,IV,surgery,2021-04-28,yes,9.46,355.76
874,Synthetic_00874,76,F,breast,II,surgery,2020-02-21,yes,13.63,954.12
875,Synthetic_00875,34,F,breast,IV,surgery,2024-01-22,yes,19.72,630.12
876,Synthetic_00876,65,M,breast,IV,surgery,2020-10-24,no,17.81,501.45
877,Synthetic_00877,52,M,lung,IV,chemotherapy,2025-10-20,no,11.73,37.50
878,Synthetic_00878,49,M,colon,I,radiotherapy,2023-09-10,yes,14.34,87.80
879,Synthetic_00879,40,M,colon,III,surgery,2021-11-06,no,14.67,860.53
880,Synthetic_00880,55,M,lung,II,radiotherapy,2024-06-23,yes,6.83,150.02
881,Synthetic_00881,42,F,breast,IV,radiotherapy,2022-10-04,yes,15.01,629.19
882,Synthetic_00882,67,M,lung,I,chemotherapy,2025-09-10,yes,7.70,613.91
883,Synthetic_00883,62,M,colon,I,radiotherapy,2025-09-12,yes,5.10,86.03
884,Synthetic_00884,33,M,breast,III,chemotherapy,2020-08-16,no,17.83,294.88
885,Synthetic_00885,74,M,lung,II,surgery,2025-09-17,yes,4.34,886.65
886,Synthetic_00886,56,F,colon,III,surgery,2025-02-04,no,1.51,84.74
887,Synthetic_00887,51,F,breast,I,surgery,2021-02-11,yes,13.80,336.39
888,Synthetic_00888,46,F,breast,I,chemotherapy,2024-06-04,no,14.71,519.46
889,Synthetic_00889,76,M,lung,II,radiotherapy,2025-08-24,no,11.20,782.30
890,Synthetic_00890,60,F,prostate,IV,radiotherapy,2022-11-13,no,19.11,607.21
891,Synthetic_00891,28,M,colon,II,radiotherapy,2020-01-24,no,16.96,957.09
892,Synthetic_00892,23,F,colon,I,chemotherapy,2024-10-02,yes,6.20,259.92
893,Synthetic_00893,60,F,prostate,III,chemotherapy,2025-06-21,yes,13.55,433.81
894,Synthetic_00894,53,M,colon,III,surgery,2020-02-21,no,7.90,517.80
895,Synthetic_00895,66,M,colon,II,chemotherapy,2022-03-05,yes,16.02,790.89
896,Synthetic_00896,52,F,lung,II,surgery,2023-09-20,no,13.93,577.85
897,Synthetic_00897,64,M,colon,I,chemotherapy,2020-09-15,yes,11.88,715.64
898,Synthetic_00898,51,F,lung,I,chemotherapy,2020-03-28,no,9.38,861.62
899,Synthetic_00899,89,M,lung,II,surgery,2025-12-09,yes,4.90,669.67
900,Synthetic_00900,80,F,colon,III,radiotherapy,2021-02-17,yes,4.20,957.17
901,Synthetic_00901,87,F,lung,I,radiotherapy,2021-05-13,no,19.20,716.75
902,Synthetic_00902,27,M,breast,III,radiotherapy,2023-11-22,yes,7.18,679.71
903,Synthetic_00903,80,F,prostate,IV,surgery,2022-03-23,no,6.19,366.46
904,Synthetic_00904,57,F,prostate,II,chemotherapy,2022-03-15,yes,19.89,88.29
905,Synthetic_00905,66,M,lung,I,surgery,2023-12-10,no,6.44,447.41
906,Synthetic_00906,75,M,colon,IV,radiotherapy,2023-10-16,yes,6.02,364.98
907,Synthetic_00907,21,M,lung,IV,chemotherapy,2025-06-11,no,5.26,29.48
908,Synthetic_00908,57,F,prostate,IV,chemotherapy,2022-12-11,yes,19.92,857.36
909,Synthetic_00909,36,F,lung,II,chemotherapy,2020-08-19,yes,5.11,872.23
910,Synthetic_00910,64,M,breast,III,radiotherapy,2020-12-13,yes,5.52,539.72
911,Synthetic_00911,42,F,lung,IV,radiotherapy,2022-09-20,no,5.75,155.73
912,Synthetic_00912,27,M,lung,I,surgery,2022-12-27,no,16.72,307.50
913,Synthetic_00913,26,F,lung,III,surgery,2022-05-10,yes,15.39,877.87
914,Synthetic_00914,26,F,prostate,IV,surgery,2022-07-22,no,9.82,133.32
915,Synthetic_00915,22,F,lung,IV,chemotherapy,2025-02-01,no,8.29,164.92
916,Synthetic_00916,84,M,breast,III,radiotherapy,2021-08-17,yes,10.50,514.94
917,Synthetic_00917,77,M,breast,III,surgery,2025-08-10,no,14.38,669.71
918,Synthetic_00918,40,F,prostate,I,chemotherapy,2021-01-23,no,7.03,36.40
919,Synthetic_00919,29,F,breast,I,radiotherapy,2022-05-07,yes,13.61,954.67
920,Synthetic_00920,49,F,prostate,I,radiotherapy,2025-07-25,yes,13.94,803.23
921,Synthetic_00921,32,F,breast,III,surgery,2022-01-08,yes,3.26,925.32
922,Synthetic_00922,36,F,lung,II,chemotherapy,2025-12-10,no,16.29,415.86
923,Synthetic_00923,34,F,breast,II,radiotherapy,2022-09-11,yes,9.36,349.05
924,Synthetic_00924,82,F,lung,I,chemotherapy,2022-12-08,no,17.11,207.97
925,Synthetic_00925,49,M,prostate,III,radiotherapy,2025-03-13,no,13.53,809.47
926,Synthetic_00926,63,M,prostate,II,radiotherapy,2025-08-03,yes,1.17,114.65
927,Synthetic_00927,23,F,lung,IV,chemotherapy,2025-02-07,yes,17.26,649.20
928,Synthetic_00928,18,M,breast,II,chemotherapy,2022-05-23,yes,18.60,203.33
929,Synthetic_00929,52,M,prostate,IV,chemotherapy,2020-12-13,yes,1.29,473.15
930,Synthetic_00930,31,M,breast,II,surgery,2022-10-03,yes,19.87,222.11
931,Synthetic_00931,39,M,lung,IV,radiotherapy,2022-12-07,yes,4.57,100.82
932,Synthetic_00932,75,F,colon,III,chemotherapy,2024-08-05,yes,5.74,224.72
933,Synthetic_00933,39,M,colon,I,radiotherapy,2023-12-01,no,11.00,158.40
934,Synthetic_00934,21,M,breast,IV,radiotherapy,2024-03-13,yes,4.24,705.93
935,Synthetic_00935,35,M,breast,IV,chemotherapy,2025-10-20,no,5.43,999.11
936,Synthetic_00936,28,M,prostate,III,surgery,2022-06-13,yes,17.45,604.18
937,Synthetic_00937,59,F,colon,IV,chemotherapy,2024-10-06,yes,4.97,409.15
938,Synthetic_00938,73,F,prostate,I,chemotherapy,2020-05-04,no,1.88,849.83
939,Synthetic_00939,34,M,lung,II,surgery,2023-02-06,yes,18.43,197.90
940,Synthetic_00940,23,F,prostate,I,radiotherapy,2020-12-12,yes,15.62,350.72
941,Synthetic_00941,38,F,lung,IV,chemotherapy,2022-07-24,yes,9.20,198.91
942,Synthetic_00942,50,F,prostate,II,surgery,2023-05-11,no,8.03,533.31
943,Synthetic_00943,53,F,lung,I,surgery,2021-03-16,yes,5.04,945.53
944,Synthetic_00944,27,M,lung,II,surgery,2022-04-19,no,8.66,328.69
945,Synthetic_00945,87,M,colon,III,chemotherapy,2023-03-24,yes,13.75,558.17
946,Synthetic_00946,18,M,lung,III,surgery,2022-10-20,no,2.62,84.00
947,Synthetic_00947,25,F,lung,I,surgery,2022-09-03,no,5.33,748.74
948,Synthetic_00948,77,M,breast,III,surgery,2020-12-16,no,2.40,696.67
949,Synthetic_00949,34,F,colon,III,surgery,2020-09-24,no,2.45,342.18
950,Synthetic_00950,19,M,breast,II,surgery,2025-10-02,yes,12.86,395.78
951,Synthetic_00951,24,F,colon,I,radiotherapy,2022-07-21,no,12.03,458.97
952,Synthetic_00952,19,F,breast,II,chemotherapy,2022-04-23,yes,6.05,23.54
953,Synthetic_00953,74,F,colon,II,radiotherapy,2021-11-03,no,16.74,329.63
954,Synthetic_00954,37,M,colon,III,radiotherapy,2021-01-23,no,6.23,773.11
955,Synthetic_00955,47,F,lung,II,radiotherapy,2020-05-21,yes,10.92,86.46
956,Synthetic_00956,25,M,breast,II,chemotherapy,2025-07-05,yes,4.12,172.10
957,Synthetic_00957,32,F,lung,III,surgery,2022-04-01,yes,4.94,790.47
958,Synthetic_00958,58,M,colon,I,radiotherapy,2025-02-14,yes,1.73,807.73
959,Synthetic_00959,45,F,lung,I,radiotherapy,2021-11-16,yes,3.74,118.92
960,Synthetic_00960,86,M,lung,I,radiotherapy,2024-08-01,no,7.53,142.23
961,Synthetic_00961,84,M,breast,II,surgery,2024-08-11,no,17.12,932.56
962,Synthetic_00962,21,F,prostate,I,surgery,2020-07-19,no,11.62,202.94
963,Synthetic_00963,45,M,prostate,IV,surgery,2025-07-10,yes,9.73,291.04
964,Synthetic_00964,54,F,breast,I,chemotherapy,2024-05-16,no,9.46,768.65
965,Synthetic_00965,29,M,breast,IV,chemotherapy,2023-06-10,no,3.86,901.37
966,Synthetic_00966,54,M,colon,I,radiotherapy,2024-01-26,no,3.21,857.35
967,Synthetic_00967,51,M,breast,IV,surgery,2020-11-25,yes,7.29,499.66
968,Synthetic_00968,84,M,breast,II,chemotherapy,2023-12-13,no,18.37,937.84
969,Synthetic_00969,51,F,prostate,III,surgery,2025-02-13,no,19.44,840.85
970,Synthetic_00970,89,F,prostate,III,chemotherapy,2025-03-04,no,5.59,773.05
971,Synthetic_00971,87,F,breast,IV,surgery,2024-10-20,no,7.77,180.51
972,Synthetic_00972,42,M,breast,IV,chemotherapy,2025-04-15,yes,3.96,790.42
973,Synthetic_00973,79,M,lung,III,surgery,2025-04-24,no,14.73,584.19
974,Synthetic_00974,84,M,prostate,IV,chemotherapy,2025-01-04,yes,9.64,344.71
975,Synthetic_00975,49,M,lung,IV,surgery,2024-12-12,no,14.01,771.21
976,Synthetic_00976,61,M,prostate,IV,chemotherapy,2025-11-14,yes,3.97,928.50
977,Synthetic_00977,89,M,breast,III,chemotherapy,2021-03-17,no,3.08,793.29
978,Synthetic_00978,20,M,colon,III,radiotherapy,2023-10-03,yes,9.33,38.86
979,Synthetic_00979,24,F,prostate,II,radiotherapy,2024-01-12,yes,10.94,566.08
980,Synthetic_00980,30,M,prostate,II,chemotherapy,2024-03-22,no,2.78,627.71
981,Synthetic_00981,52,F,colon,I,radiotherapy,2023-02-05,yes,18.67,576.24
982,Synthetic_00982,60,M,lung,I,radiotherapy,2025-12-20,no,10.96,476.44
983,Synthetic_00983,78,F,lung,IV,radiotherapy,2025-07-12,no,9.77,8.73
984,Synthetic_00984,31,F,breast,I,radiotherapy,2021-05-10,no,7.12,324.14
985,Synthetic_00985,75,M,colon,IV,radiotherapy,2023-05-17,yes,12.93,921.47
986,Synthetic_00986,55,F,lung,IV,surgery,2022-05-22,yes,10.24,553.32
987,Synthetic_00987,78,M,colon,IV,surgery,2022-09-12,no,12.93,869.69
988,Synthetic_00988,44,F,breast,II,chemotherapy,2020-05-16,no,18.70,91.14
989,Synthetic_00989,52,F,prostate,IV,surgery,2022-11-23,no,1.30,556.14
990,Synthetic_00990,67,F,colon,II,surgery,2022-06-26,yes,10.58,980.70
991,Synthetic_00991,41,F,breast,II,surgery,2020-09-21,no,1.29,274.92
992,Synthetic_00992,42,F,colon,III,chemotherapy,2021-02-20,yes,10.26,970.41
993,Synthetic_00993,82,F,colon,I,chemotherapy,2025-10-15,yes,15.10,390.65
994,Synthetic_00994,41,M,colon,II,surgery,2020-02-02,no,1.11,520.82
995,Synthetic_00995,69,M,prostate,II,radiotherapy,2024-06-25,no,6.15,660.31
996,Synthetic_00996,78,M,colon,IV,radiotherapy,2021-05-04,yes,4.03,561.93
997,Synthetic_00997,31,F,breast,III,chemotherapy,2021-08-11,yes,9.12,111.21
998,Synthetic_00998,61,F,colon,IV,surgery,2023-01-25,yes,3.39,704.59
999,Synthetic_00999,42,M,prostate,I,radiotherapy,2023-08-12,no,1.10,504.25
1000,Synthetic_01000,43,F,breast,I,surgery,2020-12-23,yes,2.46,919.15
