records,fields,key_bits,repeat,keygen_s,encrypt_s,serialize_s,sqlite_write_s,sqlite_read_restore_s,decrypt_s,aggregate_s,aggregate_decrypt_s,aggregate_total_s,encrypt_ms_per_field,decrypt_ms_per_field,encrypt_fields_per_s,decrypt_fields_per_s,encrypted_db_bytes,max_cipher_bits,exact_match_percent,max_abs_error_units,aggregate_max_abs_error_units
100,200,1024,1,0.002782743999887316,0.2813820930005022,0.000980892000370659,0.0015499050005018944,0.0011160140002175467,0.0847915180002019,0.0033714269993652124,0.0010279919997628895,0.004399418999128102,1.406910465002511,0.4239575900010095,710.7772846072442,2358.726494311893,151552,2047,100.0,0.0,0.0
100,200,1024,2,0.0035636260008686804,0.30145211899980495,0.0008774359994276892,0.000609304000136035,0.0007490640000469284,0.08866412599945761,0.003418948000216915,0.0008406810002270504,0.004259629000443965,1.5072605949990248,0.44332062999728805,663.4552799415864,2255.703732998208,151552,2048,100.0,0.0,0.0
100,200,1024,3,0.002444617999572074,0.28256811200026277,0.0009641859996918356,0.0008159839999279939,0.0008462699997835443,0.09037110700046469,0.003470475999165501,0.0008527899999535293,0.00432326599911903,1.4128405600013139,0.45185553500232345,707.7939495161932,2213.096714627736,151552,2047,100.0,0.0,0.0
100,200,2048,1,0.036214370999914536,1.8930634219996136,0.0032717779995437013,0.001132008000240603,0.0020947220000380185,0.5447394370003167,0.021629507000398007,0.005309073999342218,0.026938580999740225,9.465317109998068,2.7236971850015834,105.6488639924927,367.14800951685777,286720,4095,100.0,0.0,0.0
100,200,2048,2,0.04670483400059311,1.8865957870002603,0.003938298000321083,0.000867872000526404,0.0021020839994889684,0.552730860000338,0.02016771400030848,0.005242874999566993,0.025410588999875472,9.432978935001302,2.76365430000169,106.01104983808193,361.83975687530403,286720,4096,100.0,0.0,0.0
100,200,2048,3,0.0376596950000021,1.9037113320000572,0.003304156000012881,0.0009426339993297006,0.0022777759995733504,0.5297028860004502,0.02003902599972207,0.005156913999599055,0.025195939999321126,9.518556660000286,2.648514430002251,105.05794478298246,377.5701535442078,286720,4095,100.0,0.0,0.0
1000,2000,1024,1,0.0033156529998450424,2.768386842999462,0.009141364000242902,0.003172919999997248,0.008769557000050554,0.8590876709995428,0.009995254999921599,0.0007947130006868974,0.010789968000608496,1.384193421499731,0.4295438354997714,722.442387362693,2328.0511029485656,1404928,2048,100.0,0.0,0.0
1000,2000,1024,2,0.00341922000006889,2.78052838900021,0.013710819000152696,0.003807862999565259,0.007774232999508968,0.8573122070001773,0.010538798000197858,0.0007815520002623089,0.011320350000460166,1.390264194500105,0.42865610350008865,719.2877468584799,2332.872416453982,1404928,2048,100.0,0.0,0.0
1000,2000,1024,3,0.004691336999712803,2.8370026170005076,0.008827354000459309,0.0027098460004708613,0.006768074999854434,0.8070801530002427,0.01185409499976231,0.0008618029996796395,0.01271589799944195,1.4185013085002538,0.40354007650012136,704.9693884718902,2478.068618792313,1404928,2047,100.0,0.0,0.0
1000,2000,2048,1,0.0360537739998108,18.9217707480002,0.033569635999811,0.005808493000586168,0.01954896400002326,5.592098015000374,0.035021812000195496,0.005116236000503704,0.0401380480006992,9.4608853740001,2.796049007500187,105.69835279350775,357.6475223851859,2777088,4095,100.0,0.0,0.0
1000,2000,2048,2,0.0256993759994657,19.065456502000416,0.033885150000060094,0.0047225440002875985,0.01887403099954099,5.368403636999574,0.034269914999640605,0.005155582999577746,0.03942549799921835,9.532728251000208,2.684201818499787,104.90176302834149,372.55022819368503,2777088,4095,100.0,0.0,0.0
1000,2000,2048,3,0.04900643899964052,19.1638415110001,0.03273579399956361,0.00489335000020219,0.019876585999554663,5.321659662000457,0.03379501400013396,0.005455804000121134,0.039250818000255094,9.58192075550005,2.6608298310002283,104.36320916409136,375.8226055456134,2777088,4095,100.0,0.0,0.0
5000,10000,1024,1,0.002597166000668949,13.566091851000238,0.04285916700064263,0.013735792999796104,0.038622171000497474,4.075524711000071,0.04263846499998181,0.0008181070006685331,0.04345657200065034,1.3566091851000237,0.4075524711000071,737.1319691649215,2453.671786852239,6983680,2047,100.0,0.0,0.0
5000,10000,1024,2,0.006276293999690097,14.09706857800029,0.04440687700025592,0.01348233299995627,0.03778074900037609,4.07607057199948,0.04051945599985629,0.0008022829997571534,0.041321738999613444,1.409706857800029,0.40760705719994805,709.3673372353367,2453.3431949620513,6983680,2048,100.0,0.0,0.0
5000,10000,1024,3,0.003419728999688232,13.600457807000566,0.04455799500010471,0.014252597999984573,0.037320238000575046,4.293278031999762,0.041304626999590255,0.0007840660000510979,0.04208869299964135,1.3600457807000566,0.4293278031999762,735.26936680416,2329.222548706474,6983680,2047,100.0,0.0,0.0
5000,10000,2048,1,0.0250029219996577,95.68569507600023,0.16448522200062143,0.02375874700010172,0.09282866000012291,27.78108182899996,0.10501738100083458,0.006103123999309901,0.11112050500014448,9.568569507600024,2.778108182899996,104.50882958061082,359.95718458887575,13828096,4095,100.0,0.0,0.0
5000,10000,2048,2,0.021614150999994308,94.79121634800049,0.17311052500008373,0.022072416999435518,0.09062574299969128,26.990914404999785,0.1160324069987837,0.00574227300057828,0.12177467999936198,9.479121634800048,2.6990914404999784,105.49500666061385,370.49504325602265,13828096,4095,100.0,0.0,0.0
5000,10000,2048,3,0.02923034400009783,94.41983058699952,0.16453767599887215,0.020542751999528264,0.09144549699885829,27.112151770999844,0.101102438999078,0.005362593999961973,0.10646503299903998,9.441983058699952,2.7112151770999846,105.90995490916376,368.83830115971716,13828096,4095,100.0,0.0,0.0
